"Destination City, State",Destination Latitude,Destination Longitude,Wh No,WH_Centroid,Dist 1,Dist 2,Dist 3,Min Dist,Per Contribution,Total Demand,Wh Lat 1,Wh Lat 2,Wh Lat 3,Wh Lon 1,Wh Lon 2,Wh Lon 3
"SHANGHAI, CHINA",36.664846,-93.222993,WH 1,,48.3321945,1312.45212,2264.340794,48.3321945,0.003674601,139723,36.23816281,38.19305505,39.36419915,-93.11992684,-78.46833666,-118.931462
"TONTITOWN, AR",36.177857,-94.23354,WH 1,,100.1383313,1412.665776,2192.496025,100.1383313,0.004827321,183554,36.23816281,38.19305505,39.36419915,-93.11992684,-78.46833666,-118.931462
"LITTLE ROCK, AR",34.746481,-92.289595,WH 1,,182.1048045,1292.46349,2409.943799,182.1048045,0.001173627,44626,36.23816281,38.19305505,39.36419915,-93.11992684,-78.46833666,-118.931462
"LITTLE ROCK, AR",34.746481,-92.289595,WH 1,,182.1048045,1292.46349,2409.943799,182.1048045,0.010779405,409876,36.23816281,38.19305505,39.36419915,-93.11992684,-78.46833666,-118.931462
"MALVERN, AR",34.362315,-92.812946,WH 1,,210.4363363,1352.861141,2380.168896,210.4363363,0.000249711,9495,36.23816281,38.19305505,39.36419915,-93.11992684,-78.46833666,-118.931462
"MALVERN, AR",34.362315,-92.812946,WH 1,,210.4363363,1352.861141,2380.168896,210.4363363,0.308766983,11740553,36.23816281,38.19305505,39.36419915,-93.11992684,-78.46833666,-118.931462
"MALVERN, AR",34.362315,-92.812946,WH 1,,210.4363363,1352.861141,2380.168896,210.4363363,0.000168578,6410,36.23816281,38.19305505,39.36419915,-93.11992684,-78.46833666,-118.931462
"JONESBORO, AR",35.842297,-90.704279,WH 1,,221.6062868,1116.424981,2506.852301,221.6062868,0.000547549,20820,36.23816281,38.19305505,39.36419915,-93.11992684,-78.46833666,-118.931462
"MEMPHIS, TN",35.149534,-90.04898,WH 1,,302.5737353,1085.964829,2587.336691,302.5737353,6.70E-05,2547,36.23816281,38.19305505,39.36419915,-93.11992684,-78.46833666,-118.931462
"MEMPHIS, TN",35.149534,-90.04898,WH 1,,302.5737353,1085.964829,2587.336691,302.5737353,6.18E-06,235,36.23816281,38.19305505,39.36419915,-93.11992684,-78.46833666,-118.931462
"MEMPHIS, TN",35.149534,-90.04898,WH 1,,302.5737353,1085.964829,2587.336691,302.5737353,0.002084763,79271,36.23816281,38.19305505,39.36419915,-93.11992684,-78.46833666,-118.931462
"SOUTHAVEN, MS",34.991859,-90.002296,WH 1,,314.0274351,1088.594039,2597.117336,314.0274351,0.001736062,66012,36.23816281,38.19305505,39.36419915,-93.11992684,-78.46833666,-118.931462
"SOUTHAVEN, MS",34.991859,-90.002296,WH 1,,314.0274351,1088.594039,2597.117336,314.0274351,0.018568146,706035,36.23816281,38.19305505,39.36419915,-93.11992684,-78.46833666,-118.931462
"MARSHALL, MO",39.123078,-93.19687,WH 1,,320.8590761,1281.648021,2208.787347,320.8590761,0.001414712,53793,36.23816281,38.19305505,39.36419915,-93.11992684,-78.46833666,-118.931462
"MARSHALL, MO",39.123078,-93.19687,WH 1,,320.8590761,1281.648021,2208.787347,320.8590761,0.000505786,19232,36.23816281,38.19305505,39.36419915,-93.11992684,-78.46833666,-118.931462
"LENEXA, KS",38.953617,-94.733571,WH 1,,333.7230467,1414.637006,2080.591486,333.7230467,0.000894698,34020,36.23816281,38.19305505,39.36419915,-93.11992684,-78.46833666,-118.931462
"LENEXA, KS",38.953617,-94.733571,WH 1,,333.7230467,1414.637006,2080.591486,333.7230467,0.000127814,4860,36.23816281,38.19305505,39.36419915,-93.11992684,-78.46833666,-118.931462
"WARRENTON, MO",38.821185,-91.139198,WH 1,,336.1349696,1103.857496,2389.772919,336.1349696,0.004029561,153220,36.23816281,38.19305505,39.36419915,-93.11992684,-78.46833666,-118.931462
"INDEPENDENCE, MO",39.091116,-94.415507,WH 1,,337.0971666,1386.820944,2105.409589,337.0971666,0.005829872,221675,36.23816281,38.19305505,39.36419915,-93.11992684,-78.46833666,-118.931462
"INDEPENDENCE, MO",39.091116,-94.415507,WH 1,,337.0971666,1386.820944,2105.409589,337.0971666,0.001179597,44853,36.23816281,38.19305505,39.36419915,-93.11992684,-78.46833666,-118.931462
"WILDWOOD, MO",38.582831,-90.662905,WH 1,,339.1827967,1062.947342,2435.286965,339.1827967,0.001012703,38507,36.23816281,38.19305505,39.36419915,-93.11992684,-78.46833666,-118.931462
"WILDWOOD, MO",38.582831,-90.662905,WH 1,,339.1827967,1062.947342,2435.286965,339.1827967,0,0,36.23816281,38.19305505,39.36419915,-93.11992684,-78.46833666,-118.931462
"WILDWOOD, MO",38.582831,-90.662905,WH 1,,339.1827967,1062.947342,2435.286965,339.1827967,0,0,36.23816281,38.19305505,39.36419915,-93.11992684,-78.46833666,-118.931462
"KANSAS CITY, MO",39.099727,-94.578567,WH 1,,343.1011632,1400.875319,2091.352847,343.1011632,0.000141279,5372,36.23816281,38.19305505,39.36419915,-93.11992684,-78.46833666,-118.931462
"KANSAS CITY, MO",39.099727,-94.578567,WH 1,,343.1011632,1400.875319,2091.352847,343.1011632,0.002493873,94827,36.23816281,38.19305505,39.36419915,-93.11992684,-78.46833666,-118.931462
"KANSAS CITY, MO",39.099727,-94.578567,WH 1,,343.1011632,1400.875319,2091.352847,343.1011632,0.000484668,18429,36.23816281,38.19305505,39.36419915,-93.11992684,-78.46833666,-118.931462
"KANSAS CITY, MO",39.099727,-94.578567,WH 1,,343.1011632,1400.875319,2091.352847,343.1011632,0.009047656,344028,36.23816281,38.19305505,39.36419915,-93.11992684,-78.46833666,-118.931462
"KANSAS CITY, MO",39.099727,-94.578567,WH 1,,343.1011632,1400.875319,2091.352847,343.1011632,1.63E-06,62,36.23816281,38.19305505,39.36419915,-93.11992684,-78.46833666,-118.931462
"NORTH KANSAS CITY, MO",39.142908,-94.572978,WH 1,,347.3632866,1400.321305,2091.119948,347.3632866,0.000130549,4964,36.23816281,38.19305505,39.36419915,-93.11992684,-78.46833666,-118.931462
"MARYLAND HEIGHTS, MO",38.713107,-90.42984,WH 1,,363.4016678,1042.453362,2452.43323,363.4016678,0.001046497,39792,36.23816281,38.19305505,39.36419915,-93.11992684,-78.46833666,-118.931462
"MARYLAND HEIGHTS, MO",38.713107,-90.42984,WH 1,,363.4016678,1042.453362,2452.43323,363.4016678,0.000524511,19944,36.23816281,38.19305505,39.36419915,-93.11992684,-78.46833666,-118.931462
"EARTH CITY, MO",38.769918,-90.46675,WH 1,,366.0599538,1045.610314,2448.118305,366.0599538,0.000327372,12448,36.23816281,38.19305505,39.36419915,-93.11992684,-78.46833666,-118.931462
"SAUGET, IL",38.59644,-90.184833,WH 1,,368.6767005,1021.372738,2475.779332,368.6767005,0.000124237,4724,36.23816281,38.19305505,39.36419915,-93.11992684,-78.46833666,-118.931462
"ST LOUIS, MO",38.627003,-90.199404,WH 1,,370.1668037,1022.576328,2473.885662,370.1668037,0.004824112,183432,36.23816281,38.19305505,39.36419915,-93.11992684,-78.46833666,-118.931462
"SAINT LOUIS, MO",38.627003,-90.199404,WH 1,,370.1668037,1022.576328,2473.885662,370.1668037,0.003906218,148530,36.23816281,38.19305505,39.36419915,-93.11992684,-78.46833666,-118.931462
"ST LOUIS, MO",38.627003,-90.199404,WH 1,,370.1668037,1022.576328,2473.885662,370.1668037,0.000109799,4175,36.23816281,38.19305505,39.36419915,-93.11992684,-78.46833666,-118.931462
"SAINT LOUIS, MO",38.627003,-90.199404,WH 1,,370.1668037,1022.576328,2473.885662,370.1668037,0.004860905,184831,36.23816281,38.19305505,39.36419915,-93.11992684,-78.46833666,-118.931462
"ST LOUIS, MO",38.627003,-90.199404,WH 1,,370.1668037,1022.576328,2473.885662,370.1668037,0.001069956,40684,36.23816281,38.19305505,39.36419915,-93.11992684,-78.46833666,-118.931462
"SAINT LOUIS, MO",38.627003,-90.199404,WH 1,,370.1668037,1022.576328,2473.885662,370.1668037,0.015873741,603583,36.23816281,38.19305505,39.36419915,-93.11992684,-78.46833666,-118.931462
"SAINT LOUIS, MO",38.627003,-90.199404,WH 1,,370.1668037,1022.576328,2473.885662,370.1668037,0.0115713,439987,36.23816281,38.19305505,39.36419915,-93.11992684,-78.46833666,-118.931462
"OKLAHOMA CITY, OK",35.46756,-97.516428,WH 1,,405.358451,1718.989888,1935.313581,405.358451,0.000504576,19186,36.23816281,38.19305505,39.36419915,-93.11992684,-78.46833666,-118.931462
"OKLAHOMA CITY, OK",35.46756,-97.516428,WH 1,,405.358451,1718.989888,1935.313581,405.358451,0.000350752,13337,36.23816281,38.19305505,39.36419915,-93.11992684,-78.46833666,-118.931462
"OKLAHOMA CITY, OK",35.46756,-97.516428,WH 1,,405.358451,1718.989888,1935.313581,405.358451,3.94E-05,1500,36.23816281,38.19305505,39.36419915,-93.11992684,-78.46833666,-118.931462
"OKLAHOMA CITY, OK",35.46756,-97.516428,WH 1,,405.358451,1718.989888,1935.313581,405.358451,0.00151478,57598,36.23816281,38.19305505,39.36419915,-93.11992684,-78.46833666,-118.931462
"OKLAHOMA CITY, OK",35.46756,-97.516428,WH 1,,405.358451,1718.989888,1935.313581,405.358451,0.000465496,17700,36.23816281,38.19305505,39.36419915,-93.11992684,-78.46833666,-118.931462
"OKLAHOMA CITY, OK",35.46756,-97.516428,WH 1,,405.358451,1718.989888,1935.313581,405.358451,0.004309437,163862,36.23816281,38.19305505,39.36419915,-93.11992684,-78.46833666,-118.931462
"WICHITA, KS",37.687176,-97.330053,WH 1,,407.2330336,1652.165928,1883.832193,407.2330336,0.007362667,279958,36.23816281,38.19305505,39.36419915,-93.11992684,-78.46833666,-118.931462
"WICHITA, KS",37.687176,-97.330053,WH 1,,407.2330336,1652.165928,1883.832193,407.2330336,9.44E-05,3588,36.23816281,38.19305505,39.36419915,-93.11992684,-78.46833666,-118.931462
"SHERMAN, TX",33.635662,-96.60888,WH 1,,429.928438,1707.142128,2088.116745,429.928438,0.085541389,3252625,36.23816281,38.19305505,39.36419915,-93.11992684,-78.46833666,-118.931462
"SHERMAN, TX",33.635662,-96.60888,WH 1,,429.928438,1707.142128,2088.116745,429.928438,0.000806359,30661,36.23816281,38.19305505,39.36419915,-93.11992684,-78.46833666,-118.931462
"FRISCO, TX",33.150674,-96.823612,WH 1,,482.1180799,1746.699662,2092.728109,482.1180799,1.68E-05,640,36.23816281,38.19305505,39.36419915,-93.11992684,-78.46833666,-118.931462
"MESQUITE, TX",32.766796,-96.599159,WH 1,,500.5567671,1745.44062,2130.277029,500.5567671,0.000525037,19964,36.23816281,38.19305505,39.36419915,-93.11992684,-78.46833666,-118.931462
"CENTER, TX",31.795451,-94.179086,WH 1,,503.5480045,1595.202128,2382.008705,503.5480045,0.000211367,8037,36.23816281,38.19305505,39.36419915,-93.11992684,-78.46833666,-118.931462
"FORT CAMPBELL, KY",36.663447,-87.47739,WH 1,,506.8130423,813.1322525,2757.89144,506.8130423,7.91E-05,3009,36.23816281,38.19305505,39.36419915,-93.11992684,-78.46833666,-118.931462
"DALLAS, TX",32.776664,-96.796988,WH 1,,511.4439896,1761.705293,2113.235811,511.4439896,0.000311856,11858,36.23816281,38.19305505,39.36419915,-93.11992684,-78.46833666,-118.931462
"DALLAS, TX",32.776664,-96.796988,WH 1,,511.4439896,1761.705293,2113.235811,511.4439896,0.000176468,6710,36.23816281,38.19305505,39.36419915,-93.11992684,-78.46833666,-118.931462
"DALLAS, TX",32.776664,-96.796988,WH 1,,511.4439896,1761.705293,2113.235811,511.4439896,2.31E-05,880,36.23816281,38.19305505,39.36419915,-93.11992684,-78.46833666,-118.931462
"DALLAS, TX",32.776664,-96.796988,WH 1,,511.4439896,1761.705293,2113.235811,511.4439896,0.00440059,167328,36.23816281,38.19305505,39.36419915,-93.11992684,-78.46833666,-118.931462
"DALLAS, TX",32.776664,-96.796988,WH 1,,511.4439896,1761.705293,2113.235811,511.4439896,0.003272171,124421,36.23816281,38.19305505,39.36419915,-93.11992684,-78.46833666,-118.931462
"DALLAS, TX",32.776664,-96.796988,WH 1,,511.4439896,1761.705293,2113.235811,511.4439896,0.008984906,341642,36.23816281,38.19305505,39.36419915,-93.11992684,-78.46833666,-118.931462
"ROANOKE, TX",33.004013,-97.225848,WH 1,,519.9780197,1787.570342,2066.130592,519.9780197,0.00082611,31412,36.23816281,38.19305505,39.36419915,-93.11992684,-78.46833666,-118.931462
"WILMER, TX",32.589024,-96.685272,WH 1,,521.0726121,1761.242021,2131.966686,521.0726121,2.19E-05,834,36.23816281,38.19305505,39.36419915,-93.11992684,-78.46833666,-118.931462
"GRAND PRAIRIE, TX",32.745965,-96.997785,WH 1,,526.2926134,1780.154903,2097.985165,526.2926134,0.010389546,395052,36.23816281,38.19305505,39.36419915,-93.11992684,-78.46833666,-118.931462
"GRAND PRAIRIE, TX",32.745965,-96.997785,WH 1,,526.2926134,1780.154903,2097.985165,526.2926134,4.32E-05,1642,36.23816281,38.19305505,39.36419915,-93.11992684,-78.46833666,-118.931462
"OTTUMWA, IA",41.016029,-92.408302,WH 1,,534.8523499,1233.303306,2251.730357,534.8523499,0.000703109,26735,36.23816281,38.19305505,39.36419915,-93.11992684,-78.46833666,-118.931462
"DECATUR, IL",39.840315,-88.9548,WH 1,,541.6082082,923.7180312,2556.675027,541.6082082,8.08E-05,3072,36.23816281,38.19305505,39.36419915,-93.11992684,-78.46833666,-118.931462
"FOREST, MS",32.364589,-89.474235,WH 1,,545.4825294,1189.515682,2752.348,545.4825294,0.002126789,80869,36.23816281,38.19305505,39.36419915,-93.11992684,-78.46833666,-118.931462
"NASHVILLE, TN",36.162664,-86.781602,WH 1,,568.6945725,770.0220519,2833.377801,568.6945725,0.000992689,37746,36.23816281,38.19305505,39.36419915,-93.11992684,-78.46833666,-118.931462
"GOODLETTSVILLE, TN",36.323107,-86.71333,WH 1,,574.2430108,758.4364323,2834.067824,574.2430108,1.67E-05,635,36.23816281,38.19305505,39.36419915,-93.11992684,-78.46833666,-118.931462
"GOODLETTSVILLE, TN",36.323107,-86.71333,WH 1,,574.2430108,758.4364323,2834.067824,574.2430108,0.000177704,6757,36.23816281,38.19305505,39.36419915,-93.11992684,-78.46833666,-118.931462
"GOODLETTSVILLE, TN",36.323107,-86.71333,WH 1,,574.2430108,758.4364323,2834.067824,574.2430108,0.080689768,3068147,36.23816281,38.19305505,39.36419915,-93.11992684,-78.46833666,-118.931462
"LA VISTA, NE",41.183888,-96.031127,WH 1,,605.0749154,1536.297017,1947.635463,605.0749154,0.001503077,57153,36.23816281,38.19305505,39.36419915,-93.11992684,-78.46833666,-118.931462
"SHELBYVILLE, TN",35.483406,-86.460272,WH 1,,605.8623731,772.0576637,2883.929733,605.8623731,0.00099027,37654,36.23816281,38.19305505,39.36419915,-93.11992684,-78.46833666,-118.931462
"SHELBYVILLE, TN",35.483406,-86.460272,WH 1,,605.8623731,772.0576637,2883.929733,605.8623731,0.000130865,4976,36.23816281,38.19305505,39.36419915,-93.11992684,-78.46833666,-118.931462
"COUNCIL BLUFFS, IA",41.261944,-95.860833,WH 1,,606.9927895,1523.216866,1961.642653,606.9927895,0.045331749,1723694,36.23816281,38.19305505,39.36419915,-93.11992684,-78.46833666,-118.931462
"OMAHA, NE",41.252363,-95.997988,WH 1,,610.7730575,1534.460218,1950.207638,610.7730575,0.004157586,158088,36.23816281,38.19305505,39.36419915,-93.11992684,-78.46833666,-118.931462
"OMAHA, NE",41.252363,-95.997988,WH 1,,610.7730575,1534.460218,1950.207638,610.7730575,0.000590653,22459,36.23816281,38.19305505,39.36419915,-93.11992684,-78.46833666,-118.931462
"OMAHA, NE",41.252363,-95.997988,WH 1,,610.7730575,1534.460218,1950.207638,610.7730575,0.000261572,9946,36.23816281,38.19305505,39.36419915,-93.11992684,-78.46833666,-118.931462
"OMAHA, NE",41.252363,-95.997988,WH 1,,610.7730575,1534.460218,1950.207638,610.7730575,0.000683779,26000,36.23816281,38.19305505,39.36419915,-93.11992684,-78.46833666,-118.931462
"OMAHA, NE",41.252363,-95.997988,WH 1,,610.7730575,1534.460218,1950.207638,610.7730575,0.019040873,724010,36.23816281,38.19305505,39.36419915,-93.11992684,-78.46833666,-118.931462
"OMAHA, NE",41.252363,-95.997988,WH 1,,610.7730575,1534.460218,1950.207638,610.7730575,0.000611614,23256,36.23816281,38.19305505,39.36419915,-93.11992684,-78.46833666,-118.931462
"WACO, TX",31.549333,-97.14667,WH 1,,640.1314395,1852.807926,2148.773543,640.1314395,0.000851094,32362,36.23816281,38.19305505,39.36419915,-93.11992684,-78.46833666,-118.931462
"ELDRIDGE, IA",41.658086,-90.584582,WH 1,,641.2253999,1101.48932,2399.060779,641.2253999,0.001928887,73344,36.23816281,38.19305505,39.36419915,-93.11992684,-78.46833666,-118.931462
"BIRMINGHAM, AL",33.520661,-86.80249,WH 1,,650.4892119,912.6416831,2930.076396,650.4892119,0.000690564,26258,36.23816281,38.19305505,39.36419915,-93.11992684,-78.46833666,-118.931462
"HOMEWOOD, AL",33.471773,-86.800823,WH 1,,653.3133287,915.8052893,2932.271253,653.3133287,0.000899011,34184,36.23816281,38.19305505,39.36419915,-93.11992684,-78.46833666,-118.931462
"GUNTERSVILLE, AL",34.358147,-86.294704,WH 1,,653.5488882,820.549266,2939.840475,653.5488882,0.008779904,333847,36.23816281,38.19305505,39.36419915,-93.11992684,-78.46833666,-118.931462
"BATON ROUGE, LA",30.458283,-91.14032,WH 1,,668.4295787,1444.691043,2707.152814,668.4295787,0.001292316,49139,36.23816281,38.19305505,39.36419915,-93.11992684,-78.46833666,-118.931462
"BATON ROUGE, LA",30.458283,-91.14032,WH 1,,668.4295787,1444.691043,2707.152814,668.4295787,0.011857461,450868,36.23816281,38.19305505,39.36419915,-93.11992684,-78.46833666,-118.931462
"CALERA, AL",33.102897,-86.753598,WH 1,,678.3686003,937.8439929,2952.061445,678.3686003,0.008781798,333919,36.23816281,38.19305505,39.36419915,-93.11992684,-78.46833666,-118.931462
"COLUMBUS, NE",41.430297,-97.35939,WH 1,,684.0071895,1649.648473,1836.326815,684.0071895,0.00018128,6893,36.23816281,38.19305505,39.36419915,-93.11992684,-78.46833666,-118.931462
"PELL CITY, AL",33.586215,-86.286089,WH 1,,689.1490424,870.3058671,2971.693745,689.1490424,0.000824085,31335,36.23816281,38.19305505,39.36419915,-93.11992684,-78.46833666,-118.931462
"COVINGTON, LA",30.47547,-90.100911,WH 1,,699.3321815,1368.170413,2793.528524,699.3321815,3.53E-05,1343,36.23816281,38.19305505,39.36419915,-93.11992684,-78.46833666,-118.931462
"MORRIS, IL",41.357254,-88.421178,WH 1,,699.6125394,919.7560827,2581.205545,699.6125394,0.005228489,198808,36.23816281,38.19305505,39.36419915,-93.11992684,-78.46833666,-118.931462
"PLAINFIELD, IN",39.704212,-86.399439,WH 1,,703.6518692,705.8769059,2774.687366,703.6518692,3.53E-05,1343,36.23816281,38.19305505,39.36419915,-93.11992684,-78.46833666,-118.931462
"AURORA, IL",41.760585,-88.320072,WH 1,,740.7320527,927.7001388,2585.842376,740.7320527,0.000275168,10463,36.23816281,38.19305505,39.36419915,-93.11992684,-78.46833666,-118.931462
"PRATTVILLE, AL",32.464025,-86.459697,WH 1,,741.2804703,964.3676649,3005.551149,741.2804703,8.40E-05,3195,36.23816281,38.19305505,39.36419915,-93.11992684,-78.46833666,-118.931462
"ROMEOVILLE, IL",41.647531,-88.089506,WH 1,,742.0253196,905.2435967,2605.918597,742.0253196,0.006788451,258124,36.23816281,38.19305505,39.36419915,-93.11992684,-78.46833666,-118.931462
"ROMEOVILLE, IL",41.647531,-88.089506,WH 1,,742.0253196,905.2435967,2605.918597,742.0253196,0.010136627,385435,36.23816281,38.19305505,39.36419915,-93.11992684,-78.46833666,-118.931462
"NORFOLK, NE",42.032723,-97.413755,WH 1,,742.9202493,1662.839892,1833.078637,742.9202493,0.006526011,248145,36.23816281,38.19305505,39.36419915,-93.11992684,-78.46833666,-118.931462
"SAINT ROSE, LA",29.946872,-90.323135,WH 1,,746.3956496,1423.674755,2803.474563,746.3956496,0.009256524,351970,36.23816281,38.19305505,39.36419915,-93.11992684,-78.46833666,-118.931462
"HOUSTON, TX",29.760427,-95.369803,WH 1,,750.1556327,1814.435504,2397.406148,750.1556327,0.01248851,474863,36.23816281,38.19305505,39.36419915,-93.11992684,-78.46833666,-118.931462
"HOUSTON, TX",29.760427,-95.369803,WH 1,,750.1556327,1814.435504,2397.406148,750.1556327,0.004968363,188917,36.23816281,38.19305505,39.36419915,-93.11992684,-78.46833666,-118.931462
"HOUSTON, TX",29.760427,-95.369803,WH 1,,750.1556327,1814.435504,2397.406148,750.1556327,0.002807938,106769,36.23816281,38.19305505,39.36419915,-93.11992684,-78.46833666,-118.931462
"HOUSTON, TX",29.760427,-95.369803,WH 1,,750.1556327,1814.435504,2397.406148,750.1556327,0.010291897,391339,36.23816281,38.19305505,39.36419915,-93.11992684,-78.46833666,-118.931462
"SAUK VILLAGE, IL",41.488369,-87.567541,WH 1,,755.892768,858.3520386,2650.731102,755.892768,0.00072207,27456,36.23816281,38.19305505,39.36419915,-93.11992684,-78.46833666,-118.931462
"SAUK VILLAGE, IL",41.488369,-87.567541,WH 1,,755.892768,858.3520386,2650.731102,755.892768,0.007845363,298312,36.23816281,38.19305505,39.36419915,-93.11992684,-78.46833666,-118.931462
"KATY, TX",29.785785,-95.824396,WH 1,,760.3947791,1848.626481,2359.030947,760.3947791,0.000136414,5187,36.23816281,38.19305505,39.36419915,-93.11992684,-78.46833666,-118.931462
"ADDISON, IL",41.931696,-87.988956,WH 1,,772.2662255,909.9095601,2611.787615,772.2662255,0.000317694,12080,36.23816281,38.19305505,39.36419915,-93.11992684,-78.46833666,-118.931462
"POSTVILLE, IA",43.084702,-91.568201,WH 1,,772.7588414,1230.034825,2314.860454,772.7588414,0.002863245,108872,36.23816281,38.19305505,39.36419915,-93.11992684,-78.46833666,-118.931462
"MELROSE PARK, IL",41.900587,-87.856728,WH 1,,776.1003921,898.5103047,2622.95272,776.1003921,0.006649933,252857,36.23816281,38.19305505,39.36419915,-93.11992684,-78.46833666,-118.931462
"BENSENVILLE, IL",41.95503,-87.940066,WH 1,,776.763104,907.283302,2615.634307,776.763104,0.000470098,17875,36.23816281,38.19305505,39.36419915,-93.11992684,-78.46833666,-118.931462
"FRANKLIN PARK, IL",41.934854,-87.879523,WH 1,,777.984471,901.7964887,2620.790647,777.984471,0.000865848,32923,36.23816281,38.19305505,39.36419915,-93.11992684,-78.46833666,-118.931462
"SCHILLER PARK, IL",41.955864,-87.870897,WH 1,,780.2768823,902.1135892,2621.332526,780.2768823,7.35E-05,2796,36.23816281,38.19305505,39.36419915,-93.11992684,-78.46833666,-118.931462
"BELOIT, WI",42.508348,-89.031776,WH 1,,780.5105612,1014.593568,2522.506451,780.5105612,0.000246686,9380,36.23816281,38.19305505,39.36419915,-93.11992684,-78.46833666,-118.931462
"AMARILLO, TX",35.221997,-101.831297,WH 1,,794.1303907,2102.9621,1578.412428,794.1303907,0.014927602,567607,36.23816281,38.19305505,39.36419915,-93.11992684,-78.46833666,-118.931462
"AMARILLO, TX",35.221997,-101.831297,WH 1,,794.1303907,2102.9621,1578.412428,794.1303907,0.005391254,204997,36.23816281,38.19305505,39.36419915,-93.11992684,-78.46833666,-118.931462
"JANESVILLE, WI",42.682789,-89.018722,WH 1,,798.1699821,1021.885378,2522.90505,798.1699821,0.000307806,11704,36.23816281,38.19305505,39.36419915,-93.11992684,-78.46833666,-118.931462
"LOXLEY, AL",30.618248,-87.753045,WH 1,,798.7782094,1196.637893,2984.480778,798.7782094,0.000616243,23432,36.23816281,38.19305505,39.36419915,-93.11992684,-78.46833666,-118.931462
"LIBERTYVILLE, IL",42.283079,-87.95313,WH 1,,805.6542583,923.8631688,2612.187952,805.6542583,0.000621976,23650,36.23816281,38.19305505,39.36419915,-93.11992684,-78.46833666,-118.931462
"PLAINVIEW, TX",34.184794,-101.706842,WH 1,,812.5099101,2126.566471,1635.422072,812.5099101,9.06E-05,3446,36.23816281,38.19305505,39.36419915,-93.11992684,-78.46833666,-118.931462
"WAUKEGAN, IL",42.363633,-87.844794,WH 1,,818.1103809,919.9387694,2620.566527,818.1103809,0.000288634,10975,36.23816281,38.19305505,39.36419915,-93.11992684,-78.46833666,-118.931462
"KENOSHA, WI",42.584743,-87.821185,WH 1,,839.3695866,929.712914,2621.222691,839.3695866,0.000307963,11710,36.23816281,38.19305505,39.36419915,-93.11992684,-78.46833666,-118.931462
"LUBBOCK, TX",33.577863,-101.855166,WH 1,,849.2986491,2162.134112,1653.52172,849.2986491,0.00797649,303298,36.23816281,38.19305505,39.36419915,-93.11992684,-78.46833666,-118.931462
"LUBBOCK, TX",33.577863,-101.855166,WH 1,,849.2986491,2162.134112,1653.52172,849.2986491,1.17E-05,444,36.23816281,38.19305505,39.36419915,-93.11992684,-78.46833666,-118.931462
"HEREFORD, TX",34.815062,-102.397704,WH 1,,854.020285,2165.255912,1548.572235,854.020285,9.06E-05,3446,36.23816281,38.19305505,39.36419915,-93.11992684,-78.46833666,-118.931462
"COLUMBUS, GA",32.460976,-84.987709,WH 1,,856.1440195,869.0168614,3131.913482,856.1440195,0.001038029,39470,36.23816281,38.19305505,39.36419915,-93.11992684,-78.46833666,-118.931462
"PEWAUKEE, WI",43.054206,-88.216903,WH 1,,866.010819,983.4138047,2587.082654,866.010819,0.000220072,8368,36.23816281,38.19305505,39.36419915,-93.11992684,-78.46833666,-118.931462
"SIOUX FALLS, SD",43.544596,-96.731103,WH 1,,868.6555642,1642.61447,1901.358251,868.6555642,0.006052626,230145,36.23816281,38.19305505,39.36419915,-93.11992684,-78.46833666,-118.931462
"SIOUX FALLS, SD",43.544596,-96.731103,WH 1,,868.6555642,1642.61447,1901.358251,868.6555642,0.001297313,49329,36.23816281,38.19305505,39.36419915,-93.11992684,-78.46833666,-118.931462
"MILWAUKEE, WI",43.038903,-87.906474,WH 1,,877.708561,960.8123944,2612.34474,877.708561,0.000590364,22448,36.23816281,38.19305505,39.36419915,-93.11992684,-78.46833666,-118.931462
"MILWAUKEE, WI",43.038903,-87.906474,WH 1,,877.708561,960.8123944,2612.34474,877.708561,0.004670262,177582,36.23816281,38.19305505,39.36419915,-93.11992684,-78.46833666,-118.931462
"MILWAUKEE, WI",43.038903,-87.906474,WH 1,,877.708561,960.8123944,2612.34474,877.708561,0.013504606,513499,36.23816281,38.19305505,39.36419915,-93.11992684,-78.46833666,-118.931462
"MENOMONEE FALLS, WI",43.178897,-88.117313,WH 1,,882.0598496,983.4997586,2594.851604,882.0598496,0.000945377,35947,36.23816281,38.19305505,39.36419915,-93.11992684,-78.46833666,-118.931462
"MENOMONEE FALLS, WI",43.178897,-88.117313,WH 1,,882.0598496,983.4997586,2594.851604,882.0598496,0.002069877,78705,36.23816281,38.19305505,39.36419915,-93.11992684,-78.46833666,-118.931462
"JACKSON, WI",43.323892,-88.16676,WH 1,,893.9697119,995.3113653,2590.567578,893.9697119,0.000447375,17011,36.23816281,38.19305505,39.36419915,-93.11992684,-78.46833666,-118.931462
"SAN ANTONIO, TX",29.424122,-98.493628,WH 1,,908.5458336,2085.020642,2169.10544,908.5458336,0.001358747,51665,36.23816281,38.19305505,39.36419915,-93.11992684,-78.46833666,-118.931462
"SAN ANTONIO, TX",29.424122,-98.493628,WH 1,,908.5458336,2085.020642,2169.10544,908.5458336,0.006900486,262384,36.23816281,38.19305505,39.36419915,-93.11992684,-78.46833666,-118.931462
"S. JUAN DE LOS LAG, ,",29.421641,-98.536125,WH 1,,910.9725418,2088.618042,2165.941241,910.9725418,0.002309016,87798,36.23816281,38.19305505,39.36419915,-93.11992684,-78.46833666,-118.931462
"SHEBOYGAN FALLS, WI",43.729162,-87.810644,WH 1,,947.3538721,996.0859586,2618.914569,947.3538721,0.000232274,8832,36.23816281,38.19305505,39.36419915,-93.11992684,-78.46833666,-118.931462
"SHEBOYGAN, WI",43.750828,-87.71453,WH 1,,953.3434472,991.1646996,2626.630821,953.3434472,0.00779905,296551,36.23816281,38.19305505,39.36419915,-93.11992684,-78.46833666,-118.931462
"CHILE, ,",44.626907,-90.356524,WH 1,,961.4971407,1220.550359,2419.308219,961.4971407,0.003928493,149377,36.23816281,38.19305505,39.36419915,-93.11992684,-78.46833666,-118.931462
"SAINT PAULS, MN",44.953703,-93.089958,WH 1,,969.1263166,1426.609977,2208.165294,969.1263166,7.73E-05,2938,36.23816281,38.19305505,39.36419915,-93.11992684,-78.46833666,-118.931462
"SAINT PAULS, MN",44.953703,-93.089958,WH 1,,969.1263166,1426.609977,2208.165294,969.1263166,2.19E-05,832,36.23816281,38.19305505,39.36419915,-93.11992684,-78.46833666,-118.931462
"OAKDALE, MN",44.963022,-92.964936,WH 1,,970.2469532,1418.300382,2218.054846,970.2469532,0.003182833,121024,36.23816281,38.19305505,39.36419915,-93.11992684,-78.46833666,-118.931462
"OAKDALE, MN",44.963022,-92.964936,WH 1,,970.2469532,1418.300382,2218.054846,970.2469532,0.00075931,28872,36.23816281,38.19305505,39.36419915,-93.11992684,-78.46833666,-118.931462
"MINNEAPOLIS, MN",44.977753,-93.265011,WH 1,,971.8739643,1440.124783,2194.848612,971.8739643,0.00051052,19412,36.23816281,38.19305505,39.36419915,-93.11992684,-78.46833666,-118.931462
"MINNEAPOLIS, MN",44.977753,-93.265011,WH 1,,971.8739643,1440.124783,2194.848612,971.8739643,0.003451663,131246,36.23816281,38.19305505,39.36419915,-93.11992684,-78.46833666,-118.931462
"MINNEAPOLIS, MN",44.977753,-93.265011,WH 1,,971.8739643,1440.124783,2194.848612,971.8739643,0.000647512,24621,36.23816281,38.19305505,39.36419915,-93.11992684,-78.46833666,-118.931462
"MAPLE GROVE, MN",45.072464,-93.455788,WH 1,,982.7345345,1458.237542,2181.399564,982.7345345,0.010466103,397963,36.23816281,38.19305505,39.36419915,-93.11992684,-78.46833666,-118.931462
"ROGERS, MN",45.187802,-93.552521,WH 1,,995.8169632,1470.752934,2175.699688,995.8169632,9.73E-06,370,36.23816281,38.19305505,39.36419915,-93.11992684,-78.46833666,-118.931462
"GREEN BAY, WI",44.519159,-88.019826,WH 1,,1016.57712,1061.871785,2603.549709,1016.57712,0.000245187,9323,36.23816281,38.19305505,39.36419915,-93.11992684,-78.46833666,-118.931462
"SAINT CLOUD, MN",45.557945,-94.16324,WH 1,,1039.988467,1531.8658,2135.157648,1039.988467,0.000737797,28054,36.23816281,38.19305505,39.36419915,-93.11992684,-78.46833666,-118.931462
"OMAN, ,",39.367257,-104.849661,WH 1,,1086.719316,2282.400028,1209.329513,1086.719316,0.003337945,126922,36.23816281,38.19305505,39.36419915,-93.11992684,-78.46833666,-118.931462
"DENVER, CO",39.739236,-104.990251,WH 1,,1109.637828,2291.038469,1194.797272,1109.637828,0.003811383,144924,36.23816281,38.19305505,39.36419915,-93.11992684,-78.46833666,-118.931462
"DENVER, CO",39.739236,-104.990251,WH 1,,1109.637828,2291.038469,1194.797272,1109.637828,0.000389018,14792,36.23816281,38.19305505,39.36419915,-93.11992684,-78.46833666,-118.931462
"DENVER, CO",39.739236,-104.990251,WH 1,,1109.637828,2291.038469,1194.797272,1109.637828,9.41E-05,3579,36.23816281,38.19305505,39.36419915,-93.11992684,-78.46833666,-118.931462
"DENVER, CO",39.739236,-104.990251,WH 1,,1109.637828,2291.038469,1194.797272,1109.637828,1.95E-05,741,36.23816281,38.19305505,39.36419915,-93.11992684,-78.46833666,-118.931462
"DENVER, CO",39.739236,-104.990251,WH 1,,1109.637828,2291.038469,1194.797272,1109.637828,0.007814382,297134,36.23816281,38.19305505,39.36419915,-93.11992684,-78.46833666,-118.931462
"LAREDO, TX",27.530567,-99.480324,WH 1,,1138.648711,2284.592585,2225.286201,1138.648711,0.00014696,5588,36.23816281,38.19305505,39.36419915,-93.11992684,-78.46833666,-118.931462
"DULUTH, MN",46.786672,-92.100485,WH 1,,1175.978004,1466.819943,2316.37848,1175.978004,0.002059463,78309,36.23816281,38.19305505,39.36419915,-93.11992684,-78.46833666,-118.931462
"DULUTH, MN",46.786672,-92.100485,WH 1,,1175.978004,1466.819943,2316.37848,1175.978004,0.001483248,56399,36.23816281,38.19305505,39.36419915,-93.11992684,-78.46833666,-118.931462
"FARGO, ND",46.877186,-96.789803,WH 1,,1221.403131,1778.183946,1972.741527,1221.403131,0.000378024,14374,36.23816281,38.19305505,39.36419915,-93.11992684,-78.46833666,-118.931462
"EL PASO, TX",31.761878,-106.485022,WH 1,,1327.299243,2639.518132,1405.593703,1327.299243,0,0,36.23816281,38.19305505,39.36419915,-93.11992684,-78.46833666,-118.931462
"EL PASO, TX",31.761878,-106.485022,WH 1,,1327.299243,2639.518132,1405.593703,1327.299243,0.000166395,6327,36.23816281,38.19305505,39.36419915,-93.11992684,-78.46833666,-118.931462
"WINNIPEG, MB",49.895136,-97.138374,WH 1,,1552.677332,1969.993202,2072.35081,1552.677332,0.010754605,408933,36.23816281,38.19305505,39.36419915,-93.11992684,-78.46833666,-118.931462
"WINNIPEG, MB",49.895136,-97.138374,WH 1,,1552.677332,1969.993202,2072.35081,1552.677332,0.005387151,204841,36.23816281,38.19305505,39.36419915,-93.11992684,-78.46833666,-118.931462
"WINNIPEG, MB",49.895136,-97.138374,WH 1,,1552.677332,1969.993202,2072.35081,1552.677332,0.005707081,217006,36.23816281,38.19305505,39.36419915,-93.11992684,-78.46833666,-118.931462
"MEXICO, ,",23.634501,-102.552784,WH 1,,1668.275622,2796.36192,2331.032206,1668.275622,0.000411845,15660,36.23816281,38.19305505,39.36419915,-93.11992684,-78.46833666,-118.931462
"MEXICO, ,",23.634501,-102.552784,WH 1,,1668.275622,2796.36192,2331.032206,1668.275622,0.000118951,4523,36.23816281,38.19305505,39.36419915,-93.11992684,-78.46833666,-118.931462
"TOLUCA, MEXICO",19.28261,-99.655665,WH 1,,1990.613545,2933.124396,2898.314249,1990.613545,0.014362669,546126,36.23816281,38.19305505,39.36419915,-93.11992684,-78.46833666,-118.931462
"GUATEMALA, GT",14.606939,-90.514781,WH 1,,2419.183291,2877.697487,3905.189008,2419.183291,0.001708579,64967,36.23816281,38.19305505,39.36419915,-93.11992684,-78.46833666,-118.931462
"DAYTON, VA",38.413797,-78.93891,WH 2,,1275.674934,47.83861565,3434.405225,47.83861565,0.000125542,9922,36.23816281,38.19305505,39.36419915,-93.11992684,-78.46833666,-118.931462
"DAYTON, VA",38.413797,-78.93891,WH 2,,1275.674934,47.83861565,3434.405225,47.83861565,0.000112661,8904,36.23816281,38.19305505,39.36419915,-93.11992684,-78.46833666,-118.931462
"ASHLAND, VA",37.759032,-77.479984,WH 2,,1397.508813,99.16553146,3576.753508,99.16553146,0.000556638,43993,36.23816281,38.19305505,39.36419915,-93.11992684,-78.46833666,-118.931462
"RICHMOND, VA",37.540725,-77.436048,WH 2,,1400.668179,116.0704247,3587.223192,116.0704247,2.95E-06,233,36.23816281,38.19305505,39.36419915,-93.11992684,-78.46833666,-118.931462
"CHANTILLY, VA",38.894279,-77.431099,WH 2,,1412.065884,119.2340922,3547.950271,119.2340922,5.29E-05,4184,36.23816281,38.19305505,39.36419915,-93.11992684,-78.46833666,-118.931462
"CHESTER, VA",37.356816,-77.44165,WH 2,,1399.90413,129.5702043,3592.545529,129.5702043,2.81E-05,2223,36.23816281,38.19305505,39.36419915,-93.11992684,-78.46833666,-118.931462
"CHESTER, VA",37.356816,-77.44165,WH 2,,1399.90413,129.5702043,3592.545529,129.5702043,0.000388519,30706,36.23816281,38.19305505,39.36419915,-93.11992684,-78.46833666,-118.931462
"CHESTER, VA",37.356816,-77.44165,WH 2,,1399.90413,129.5702043,3592.545529,129.5702043,0.001559757,123273,36.23816281,38.19305505,39.36419915,-93.11992684,-78.46833666,-118.931462
"CHESTER, VA",37.356816,-77.44165,WH 2,,1399.90413,129.5702043,3592.545529,129.5702043,0.000740927,58558,36.23816281,38.19305505,39.36419915,-93.11992684,-78.46833666,-118.931462
"ALEXANDRIA, VA",38.804836,-77.046921,WH 2,,1443.926903,141.1655052,3582.646923,141.1655052,0.000223715,17681,36.23816281,38.19305505,39.36419915,-93.11992684,-78.46833666,-118.931462
"NEW ZEALAND, ,",38.918958,-77.064227,WH 2,,1443.907757,146.3595143,3578.036373,146.3595143,0.001969305,155641,36.23816281,38.19305505,39.36419915,-93.11992684,-78.46833666,-118.931462
"UNITED ARAB EMIRAT, ,",38.944971,-77.069273,WH 2,,1443.825094,147.5943168,3576.898749,147.5943168,0.001852443,146405,36.23816281,38.19305505,39.36419915,-93.11992684,-78.46833666,-118.931462
"UNITED ARAB EMIRAT, ,",38.944971,-77.069273,WH 2,,1443.825094,147.5943168,3576.898749,147.5943168,0.00011881,9390,36.23816281,38.19305505,39.36419915,-93.11992684,-78.46833666,-118.931462
"AUSTRIA, ,",38.945419,-77.069304,WH 2,,1443.828522,147.6200065,3576.883861,147.6200065,0.000943082,74535,36.23816281,38.19305505,39.36419915,-93.11992684,-78.46833666,-118.931462
"AUSTRALIA, ,",38.908,-77.036961,WH 2,,1446.104249,147.6915242,3580.623704,147.6915242,0.000432336,34169,36.23816281,38.19305505,39.36419915,-93.11992684,-78.46833666,-118.931462
"MONROVIA, MD",39.372243,-77.270986,WH 2,,1433.258451,167.2200998,3548.58837,167.2200998,0.001629512,128786,36.23816281,38.19305505,39.36419915,-93.11992684,-78.46833666,-118.931462
"JESSUP, MD",39.149275,-76.775249,WH 2,,1471.897675,181.4054155,3595.953478,181.4054155,3.02E-05,2387,36.23816281,38.19305505,39.36419915,-93.11992684,-78.46833666,-118.931462
"ELKRIDGE, MD",39.197879,-76.762507,WH 2,,1473.708114,185.4662946,3595.708724,185.4662946,0.001699963,134354,36.23816281,38.19305505,39.36419915,-93.11992684,-78.46833666,-118.931462
"HANOVER, MD",39.195504,-76.722823,WH 2,,1477.061051,188.0717931,3599.090707,188.0717931,0.006233967,492692,36.23816281,38.19305505,39.36419915,-93.11992684,-78.46833666,-118.931462
"BALTIMORE, MD",39.290385,-76.612189,WH 2,,1487.941459,201.990899,3605.791675,201.990899,0.001605674,126902,36.23816281,38.19305505,39.36419915,-93.11992684,-78.46833666,-118.931462
"CHAMBERSBURG, PA",39.937591,-77.661102,WH 2,,1411.934334,206.1199721,3501.867879,206.1199721,7.59E-05,6000,36.23816281,38.19305505,39.36419915,-93.11992684,-78.46833666,-118.931462
"CHERITON, VA",37.289583,-75.971321,WH 2,,1529.946864,241.4448404,3719.150568,241.4448404,8.82E-05,6974,36.23816281,38.19305505,39.36419915,-93.11992684,-78.46833666,-118.931462
"BROWNS SUMMIT, NC",36.21278,-79.713157,WH 2,,1201.637889,246.247674,3437.026337,246.247674,0.000566229,44751,36.23816281,38.19305505,39.36419915,-93.11992684,-78.46833666,-118.931462
"BROWNS SUMMIT, NC",36.21278,-79.713157,WH 2,,1201.637889,246.247674,3437.026337,246.247674,0.000125061,9884,36.23816281,38.19305505,39.36419915,-93.11992684,-78.46833666,-118.931462
"BROWNS SUMMIT, NC",36.21278,-79.713157,WH 2,,1201.637889,246.247674,3437.026337,246.247674,1.14E-05,899,36.23816281,38.19305505,39.36419915,-93.11992684,-78.46833666,-118.931462
"YORK, PA",39.962598,-76.727745,WH 2,,1490.460393,247.5565075,3578.879832,247.5565075,0.002052396,162208,36.23816281,38.19305505,39.36419915,-93.11992684,-78.46833666,-118.931462
"SALISBURY, MD",38.360674,-75.599369,WH 2,,1565.174023,251.1172185,3716.981325,251.1172185,0.022447466,1774101,36.23816281,38.19305505,39.36419915,-93.11992684,-78.46833666,-118.931462
"SALISBURY, MD",38.360674,-75.599369,WH 2,,1565.174023,251.1172185,3716.981325,251.1172185,0.001788837,141378,36.23816281,38.19305505,39.36419915,-93.11992684,-78.46833666,-118.931462
"SALISBURY, MD",38.360674,-75.599369,WH 2,,1565.174023,251.1172185,3716.981325,251.1172185,0.001473401,116448,36.23816281,38.19305505,39.36419915,-93.11992684,-78.46833666,-118.931462
"HAVRE DE GRACE, MD",39.549279,-76.091617,WH 2,,1536.324291,255.0879104,3642.351885,255.0879104,0.000130666,10327,36.23816281,38.19305505,39.36419915,-93.11992684,-78.46833666,-118.931462
"WHITSETT, NC",36.071247,-79.564469,WH 2,,1216.181806,255.1552316,3454.59193,255.1552316,0.001041559,82318,36.23816281,38.19305505,39.36419915,-93.11992684,-78.46833666,-118.931462
"SAINT LOUIS, PA",40.501441,-78.636726,WH 2,,1346.687352,257.0885045,3407.899415,257.0885045,0.008218038,649500,36.23816281,38.19305505,39.36419915,-93.11992684,-78.46833666,-118.931462
"SAINT LOUIS, PA",40.501441,-78.636726,WH 2,,1346.687352,257.0885045,3407.899415,257.0885045,0.000230067,18183,36.23816281,38.19305505,39.36419915,-93.11992684,-78.46833666,-118.931462
"MECHANICSBURG, PA",40.214257,-77.008588,WH 2,,1472.693285,257.5395294,3549.466711,257.5395294,0.001642026,129775,36.23816281,38.19305505,39.36419915,-93.11992684,-78.46833666,-118.931462
"GREENSBORO, NC",36.072635,-79.791975,WH 2,,1195.794561,263.3553074,3435.111273,263.3553074,0.323862168,25595949,36.23816281,38.19305505,39.36419915,-93.11992684,-78.46833666,-118.931462
"GREENSBORO, NC",36.072635,-79.791975,WH 2,,1195.794561,263.3553074,3435.111273,263.3553074,0.002668933,210935,36.23816281,38.19305505,39.36419915,-93.11992684,-78.46833666,-118.931462
"VIRGINIA BEACH, VA",36.852926,-75.977985,WH 2,,1530.798269,265.3885254,3733.09512,265.3885254,0.000169612,13405,36.23816281,38.19305505,39.36419915,-93.11992684,-78.46833666,-118.931462
"COLFAX, NC",36.112478,-80.015112,WH 2,,1175.450022,268.902286,3414.675961,268.902286,0.000241809,19111,36.23816281,38.19305505,39.36419915,-93.11992684,-78.46833666,-118.931462
"COLFAX, NC",36.112478,-80.015112,WH 2,,1175.450022,268.902286,3414.675961,268.902286,0.001663548,131476,36.23816281,38.19305505,39.36419915,-93.11992684,-78.46833666,-118.931462
"COLFAX, NC",36.112478,-80.015112,WH 2,,1175.450022,268.902286,3414.675961,268.902286,1.15E-05,905,36.23816281,38.19305505,39.36419915,-93.11992684,-78.46833666,-118.931462
"WILSON, NC",35.721269,-77.91554,WH 2,,1367.920725,279.2024768,3607.782523,279.2024768,0.00011337,8960,36.23816281,38.19305505,39.36419915,-93.11992684,-78.46833666,-118.931462
"BURNHAM, PA",40.638682,-77.568605,WH 2,,1437.715074,282.706651,3493.359605,282.706651,0.000803191,63479,36.23816281,38.19305505,39.36419915,-93.11992684,-78.46833666,-118.931462
"SELBYVILLE, DE",38.460392,-75.220744,WH 2,,1598.74752,284.8307666,3745.772683,284.8307666,0.016420437,1297764,36.23816281,38.19305505,39.36419915,-93.11992684,-78.46833666,-118.931462
"ANNVILLE, PA",40.329536,-76.515244,WH 2,,1516.314123,291.0346757,3587.616652,291.0346757,9.95E-05,7864,36.23816281,38.19305505,39.36419915,-93.11992684,-78.46833666,-118.931462
"DENVER, PA",40.233148,-76.137168,WH 2,,1545.544673,302.9541784,3621.247095,302.9541784,0.001202035,95001,36.23816281,38.19305505,39.36419915,-93.11992684,-78.46833666,-118.931462
"LEETSDALE, PA",40.563123,-80.208393,WH 2,,1222.048002,303.0028232,3276.162835,303.0028232,0.004704336,371800,36.23816281,38.19305505,39.36419915,-93.11992684,-78.46833666,-118.931462
"WILKESBORO, NC",36.145965,-81.16064,WH 2,,1072.581392,329.6984688,3315.622235,329.6984688,0.000792829,62660,36.23816281,38.19305505,39.36419915,-93.11992684,-78.46833666,-118.931462
"SALISBURY, NC",35.670973,-80.474226,WH 2,,1139.180209,332.2957839,3390.848093,332.2957839,0.003333069,263424,36.23816281,38.19305505,39.36419915,-93.11992684,-78.46833666,-118.931462
"ROCKWELL, NC",35.551251,-80.406449,WH 2,,1146.929515,340.5863443,3400.927846,340.5863443,0.000352964,27896,36.23816281,38.19305505,39.36419915,-93.11992684,-78.46833666,-118.931462
"FORT BRAGG, NC",35.141455,-79.007995,WH 2,,1279.139749,342.7168381,3535.695268,342.7168381,8.36E-05,6605,36.23816281,38.19305505,39.36419915,-93.11992684,-78.46833666,-118.931462
"PHILADELPHIA, PA",39.952584,-75.165222,WH 2,,1621.433845,345.7715706,3708.829964,345.7715706,0.006006063,474680,36.23816281,38.19305505,39.36419915,-93.11992684,-78.46833666,-118.931462
"PHILADELPHIA, PA",39.952584,-75.165222,WH 2,,1621.433845,345.7715706,3708.829964,345.7715706,0.00148718,117537,36.23816281,38.19305505,39.36419915,-93.11992684,-78.46833666,-118.931462
"HUNTINGTON, WV",38.41925,-82.445154,WH 2,,973.8727866,347.8830412,3137.909347,347.8830412,0.000182505,14424,36.23816281,38.19305505,39.36419915,-93.11992684,-78.46833666,-118.931462
"ABINGDON, VA",36.709833,-81.977348,WH 2,,997.127904,350.8890064,3227.2694,350.8890064,0.001376936,108824,36.23816281,38.19305505,39.36419915,-93.11992684,-78.46833666,-118.931462
"ST PAULS, NC",34.806553,-78.971141,WH 2,,1289.148285,379.2320052,3551.543754,379.2320052,0.000233142,18426,36.23816281,38.19305505,39.36419915,-93.11992684,-78.46833666,-118.931462
"BETHLEHEM, PA",40.625932,-75.370458,WH 2,,1617.874834,379.4435318,3675.162368,379.4435318,0.001213132,95878,36.23816281,38.19305505,39.36419915,-93.11992684,-78.46833666,-118.931462
"CANTON, OH",40.798947,-81.378447,WH 2,,1139.139513,382.4602034,3174.438036,382.4602034,6.45E-05,5094,36.23816281,38.19305505,39.36419915,-93.11992684,-78.46833666,-118.931462
"CANTON, OH",40.798947,-81.378447,WH 2,,1139.139513,382.4602034,3174.438036,382.4602034,0.000734765,58071,36.23816281,38.19305505,39.36419915,-93.11992684,-78.46833666,-118.931462
"CHARLOTTE, NC",35.227087,-80.843127,WH 2,,1113.066072,391.8584942,3375.296892,391.8584942,0.0003083,24366,36.23816281,38.19305505,39.36419915,-93.11992684,-78.46833666,-118.931462
"MATTHEWS, NC",35.116813,-80.72368,WH 2,,1125.826714,396.8071584,3389.611039,396.8071584,0.005093488,402556,36.23816281,38.19305505,39.36419915,-93.11992684,-78.46833666,-118.931462
"LUMBERTON, NC",34.61822,-79.008642,WH 2,,1290.012284,400.4308619,3555.601932,400.4308619,0.00168788,133399,36.23816281,38.19305505,39.36419915,-93.11992684,-78.46833666,-118.931462
"LUMBERTON, NC",34.61822,-79.008642,WH 2,,1290.012284,400.4308619,3555.601932,400.4308619,0.001180399,93291,36.23816281,38.19305505,39.36419915,-93.11992684,-78.46833666,-118.931462
"MONROE, NC",34.985428,-80.549511,WH 2,,1144.036417,402.1379312,3409.449606,402.1379312,6.26E-05,4947,36.23816281,38.19305505,39.36419915,-93.11992684,-78.46833666,-118.931462
"CAMP LEJEUNE, NC",34.625054,-77.40134,WH 2,,1433.780307,408.0622428,3693.055025,408.0622428,0.000555436,43898,36.23816281,38.19305505,39.36419915,-93.11992684,-78.46833666,-118.931462
"CAMP LEJEUNE, NC",34.625054,-77.40134,WH 2,,1433.780307,408.0622428,3693.055025,408.0622428,0.000238924,18883,36.23816281,38.19305505,39.36419915,-93.11992684,-78.46833666,-118.931462
"MONMOUTH JUNCTION, NJ",40.378996,-74.546544,WH 2,,1681.104836,415.8668634,3749.154418,415.8668634,4.97E-06,393,36.23816281,38.19305505,39.36419915,-93.11992684,-78.46833666,-118.931462
"MONMOUTH JUNCTION, NJ",40.378996,-74.546544,WH 2,,1681.104836,415.8668634,3749.154418,415.8668634,0.001975404,156123,36.23816281,38.19305505,39.36419915,-93.11992684,-78.46833666,-118.931462
"MONMOUTH JUNCTION, NJ",40.378996,-74.546544,WH 2,,1681.104836,415.8668634,3749.154418,415.8668634,0.0089433,706820,36.23816281,38.19305505,39.36419915,-93.11992684,-78.46833666,-118.931462
"JAMESBURG, NJ",40.352608,-74.440151,WH 2,,1689.485738,421.7043344,3758.598385,421.7043344,0.004197311,331728,36.23816281,38.19305505,39.36419915,-93.11992684,-78.46833666,-118.931462
"SOMERVILLE, NJ",40.57427,-74.60988,WH 2,,1679.726533,424.2753768,3739.091692,424.2753768,0.044436367,3511960,36.23816281,38.19305505,39.36419915,-93.11992684,-78.46833666,-118.931462
"BURTON, OH",41.470609,-81.1451,WH 2,,1187.428202,430.136073,3182.009952,430.136073,2.92E-05,2304,36.23816281,38.19305505,39.36419915,-93.11992684,-78.46833666,-118.931462
"EDISON, NJ",40.518715,-74.412095,WH 2,,1695.032338,434.0848343,3756.756969,434.0848343,0.000964591,76235,36.23816281,38.19305505,39.36419915,-93.11992684,-78.46833666,-118.931462
"EDISON, NJ",40.518715,-74.412095,WH 2,,1695.032338,434.0848343,3756.756969,434.0848343,0.010097571,798046,36.23816281,38.19305505,39.36419915,-93.11992684,-78.46833666,-118.931462
"PERTH AMBOY, NJ",40.506772,-74.265423,WH 2,,1707.001547,443.5262336,3769.139154,443.5262336,0.000191311,15120,36.23816281,38.19305505,39.36419915,-93.11992684,-78.46833666,-118.931462
"CUYAHOGA HEIGHTS, OH",41.43533,-81.65735,WH 2,,1147.328825,451.7730558,3140.348451,451.7730558,0.016833844,1330437,36.23816281,38.19305505,39.36419915,-93.11992684,-78.46833666,-118.931462
"CUYAHOGA HEIGHTS, OH",41.43533,-81.65735,WH 2,,1147.328825,451.7730558,3140.348451,451.7730558,0.000856865,67721,36.23816281,38.19305505,39.36419915,-93.11992684,-78.46833666,-118.931462
"CUYAHOGA HEIGHTS, OH",41.43533,-81.65735,WH 2,,1147.328825,451.7730558,3140.348451,451.7730558,0.000839404,66341,36.23816281,38.19305505,39.36419915,-93.11992684,-78.46833666,-118.931462
"CUYAHOGA HEIGHTS, OH",41.43533,-81.65735,WH 2,,1147.328825,451.7730558,3140.348451,451.7730558,0.000817034,64573,36.23816281,38.19305505,39.36419915,-93.11992684,-78.46833666,-118.931462
"HILLSIDE, NJ",40.695504,-74.228733,WH 2,,1713.834357,458.1202856,3767.498932,458.1202856,0.000200801,15870,36.23816281,38.19305505,39.36419915,-93.11992684,-78.46833666,-118.931462
"BAYONNE, NJ",40.668714,-74.114309,WH 2,,1722.770699,464.246478,3777.566981,464.246478,8.92E-06,705,36.23816281,38.19305505,39.36419915,-93.11992684,-78.46833666,-118.931462
"WAYNE, NJ",40.925372,-74.276544,WH 2,,1714.827834,470.4703431,3758.028098,470.4703431,2.64E-06,209,36.23816281,38.19305505,39.36419915,-93.11992684,-78.46833666,-118.931462
"WAYNE, NJ",40.925372,-74.276544,WH 2,,1714.827834,470.4703431,3758.028098,470.4703431,0.000393466,31097,36.23816281,38.19305505,39.36419915,-93.11992684,-78.46833666,-118.931462
"JERSEY CITY, NJ",40.728157,-74.077642,WH 2,,1727.021446,470.5805597,3779.123057,470.5805597,0.000429691,33960,36.23816281,38.19305505,39.36419915,-93.11992684,-78.46833666,-118.931462
"JERSEY CITY, NJ",40.728157,-74.077642,WH 2,,1727.021446,470.5805597,3779.123057,470.5805597,0.026028342,2057110,36.23816281,38.19305505,39.36419915,-93.11992684,-78.46833666,-118.931462
"LYNDHURST, NJ",40.812017,-74.124306,WH 2,,1724.913109,472.8810515,3773.247451,472.8810515,3.63E-06,287,36.23816281,38.19305505,39.36419915,-93.11992684,-78.46833666,-118.931462
"AVON, OH",41.451709,-82.035422,WH 2,,1120.084721,473.2934,3108.897793,473.2934,0.002961973,234095,36.23816281,38.19305505,39.36419915,-93.11992684,-78.46833666,-118.931462
"NEW YORK, NY",40.712775,-74.005973,WH 2,,1732.644524,474.5419756,3785.391441,474.5419756,0.000107005,8457,36.23816281,38.19305505,39.36419915,-93.11992684,-78.46833666,-118.931462
"SPARTANBURG, SC",34.949567,-81.932048,WH 2,,1021.106423,475.0518939,3292.178467,475.0518939,0.003052897,241281,36.23816281,38.19305505,39.36419915,-93.11992684,-78.46833666,-118.931462
"SPARTANBURG, SC",34.949567,-81.932048,WH 2,,1021.106423,475.0518939,3292.178467,475.0518939,0.00091398,72235,36.23816281,38.19305505,39.36419915,-93.11992684,-78.46833666,-118.931462
"SPARTANBURG, SC",34.949567,-81.932048,WH 2,,1021.106423,475.0518939,3292.178467,475.0518939,0.000493462,39000,36.23816281,38.19305505,39.36419915,-93.11992684,-78.46833666,-118.931462
"WALLINGTON, NJ",40.853155,-74.113754,WH 2,,1726.662491,476.331488,3773.120301,476.331488,2.32E-06,183,36.23816281,38.19305505,39.36419915,-93.11992684,-78.46833666,-118.931462
"PATERSON, NJ",40.916765,-74.171811,WH 2,,1723.259791,476.7665659,3766.828446,476.7665659,0.000333783,26380,36.23816281,38.19305505,39.36419915,-93.11992684,-78.46833666,-118.931462
"CARLSTADT, NJ",40.840378,-74.090697,WH 2,,1728.29218,477.0322295,3775.321823,477.0322295,0.00015019,11870,36.23816281,38.19305505,39.36419915,-93.11992684,-78.46833666,-118.931462
"KWANGJU CITY, KR",40.748692,-73.987869,WH 2,,1734.876479,478.0773517,3785.998329,478.0773517,0.003306308,261309,36.23816281,38.19305505,39.36419915,-93.11992684,-78.46833666,-118.931462
"WEST MILFORD, NJ",41.131129,-74.367325,WH 2,,1712.13791,479.4396226,3745.758214,479.4396226,4.63E-06,366,36.23816281,38.19305505,39.36419915,-93.11992684,-78.46833666,-118.931462
"NORTH BERGEN, NJ",40.804267,-74.012084,WH 2,,1734.023763,479.9949779,3782.65292,479.9949779,3.29E-07,26,36.23816281,38.19305505,39.36419915,-93.11992684,-78.46833666,-118.931462
"LODI, NJ",40.882322,-74.083197,WH 2,,1729.811458,480.3358748,3774.926634,480.3358748,2.32E-06,183,36.23816281,38.19305505,39.36419915,-93.11992684,-78.46833666,-118.931462
"FAIR LAWN, NJ",40.940376,-74.13181,WH 2,,1727.074458,481.0310564,3769.547144,481.0310564,3.29E-07,26,36.23816281,38.19305505,39.36419915,-93.11992684,-78.46833666,-118.931462
"MASPETH, NY",40.729402,-73.906588,WH 2,,1741.216693,482.4907307,3793.150902,482.4907307,4.51E-05,3561,36.23816281,38.19305505,39.36419915,-93.11992684,-78.46833666,-118.931462
"MASPETH, NY",40.729402,-73.906588,WH 2,,1741.216693,482.4907307,3793.150902,482.4907307,0.004531878,358170,36.23816281,38.19305505,39.36419915,-93.11992684,-78.46833666,-118.931462
"PALISADES PARK, NJ",40.848156,-73.997639,WH 2,,1736.140986,483.8448508,3782.774228,483.8448508,3.30E-06,261,36.23816281,38.19305505,39.36419915,-93.11992684,-78.46833666,-118.931462
"NEW MILFORD, NJ",40.935099,-74.019028,WH 2,,1736.245717,488.1778504,3778.92542,488.1778504,2.97E-06,235,36.23816281,38.19305505,39.36419915,-93.11992684,-78.46833666,-118.931462
"RAMSEY, NJ",41.057319,-74.140977,WH 2,,1728.952413,488.5515013,3766.025785,488.5515013,3.30E-06,261,36.23816281,38.19305505,39.36419915,-93.11992684,-78.46833666,-118.931462
"EMERSON, NJ",40.976209,-74.02625,WH 2,,1736.553691,490.4753924,3777.350876,490.4753924,3.30E-06,261,36.23816281,38.19305505,39.36419915,-93.11992684,-78.46833666,-118.931462
"HILLSDALE, NJ",41.002598,-74.040417,WH 2,,1735.974468,491.3374479,3775.561492,491.3374479,1.99E-06,157,36.23816281,38.19305505,39.36419915,-93.11992684,-78.46833666,-118.931462
"SUFFERN, NY",41.114818,-74.149589,WH 2,,1729.574882,492.070261,3763.972659,492.070261,2.97E-06,235,36.23816281,38.19305505,39.36419915,-93.11992684,-78.46833666,-118.931462
"BRONX, NY",40.844782,-73.864827,WH 2,,1747.040115,492.6972009,3793.758374,492.6972009,0.000518186,40954,36.23816281,38.19305505,39.36419915,-93.11992684,-78.46833666,-118.931462
"BRONX, NY",40.844782,-73.864827,WH 2,,1747.040115,492.6972009,3793.758374,492.6972009,1.90E-05,1504,36.23816281,38.19305505,39.36419915,-93.11992684,-78.46833666,-118.931462
"NORTHVALE, NJ",41.006486,-73.949026,WH 2,,1743.57521,497.6652546,3782.96059,497.6652546,3.96E-06,313,36.23816281,38.19305505,39.36419915,-93.11992684,-78.46833666,-118.931462
"MIDDLETOWN, NY",41.445927,-74.422934,WH 2,,1715.495621,500.0779949,3734.072647,500.0779949,0.000168751,13337,36.23816281,38.19305505,39.36419915,-93.11992684,-78.46833666,-118.931462
"W. NYACK, NY",41.096485,-73.972916,WH 2,,1743.633764,502.2491489,3778.872236,502.2491489,3.29E-07,26,36.23816281,38.19305505,39.36419915,-93.11992684,-78.46833666,-118.931462
"NEW CITY, NY",41.147595,-73.989306,WH 2,,1743.464188,504.7442008,3776.330801,504.7442008,1.99E-06,157,36.23816281,38.19305505,39.36419915,-93.11992684,-78.46833666,-118.931462
"GARNERVILLE, NY",41.207444,-73.997309,WH 2,,1744.207388,508.456981,3774.281056,508.456981,5.62E-06,444,36.23816281,38.19305505,39.36419915,-93.11992684,-78.46833666,-118.931462
"STONY POINT, NY",41.229539,-73.987085,WH 2,,1745.565057,510.6878567,3774.604928,510.6878567,3.30E-06,261,36.23816281,38.19305505,39.36419915,-93.11992684,-78.46833666,-118.931462
"GREENVILLE, SC",34.852618,-82.39401,WH 2,,982.0402766,510.7962761,3256.155043,510.7962761,0.001852506,146410,36.23816281,38.19305505,39.36419915,-93.11992684,-78.46833666,-118.931462
"SIMPSONVILLE, SC",34.737064,-82.254283,WH 2,,997.267769,512.0478347,3272.522637,512.0478347,0.04720446,3730732,36.23816281,38.19305505,39.36419915,-93.11992684,-78.46833666,-118.931462
"SIMPSONVILLE, SC",34.737064,-82.254283,WH 2,,997.267769,512.0478347,3272.522637,512.0478347,0.00257582,203576,36.23816281,38.19305505,39.36419915,-93.11992684,-78.46833666,-118.931462
"BELLEFONTAINE, OH",40.361164,-83.759656,WH 2,,935.9292248,515.1924007,2984.1393,515.1924007,0.001405569,111087,36.23816281,38.19305505,39.36419915,-93.11992684,-78.46833666,-118.931462
"HONEOYE, NY",42.79006,-77.516687,WH 2,,1520.493718,517.4484831,3457.270668,517.4484831,0.057034828,4507660,36.23816281,38.19305505,39.36419915,-93.11992684,-78.46833666,-118.931462
"LANCASTER, NY",42.898236,-78.6342,WH 2,,1442.751098,523.3791445,3365.371369,523.3791445,0.001412465,111632,36.23816281,38.19305505,39.36419915,-93.11992684,-78.46833666,-118.931462
"DEPEW, NY",42.903948,-78.692251,WH 2,,1438.784223,524.1678748,3360.600595,524.1678748,0.00027124,21437,36.23816281,38.19305505,39.36419915,-93.11992684,-78.46833666,-118.931462
"DEPEW, NY",42.903948,-78.692251,WH 2,,1438.784223,524.1678748,3360.600595,524.1678748,0.001429989,113017,36.23816281,38.19305505,39.36419915,-93.11992684,-78.46833666,-118.931462
"SHARONVILLE, OH",39.268114,-84.413275,WH 2,,835.845725,529.24464,2951.129744,529.24464,0.00066959,52920,36.23816281,38.19305505,39.36419915,-93.11992684,-78.46833666,-118.931462
"FAIRFIELD, OH",39.345467,-84.560319,WH 2,,827.2318779,543.3517837,2937.044838,543.3517837,0.000578869,45750,36.23816281,38.19305505,39.36419915,-93.11992684,-78.46833666,-118.931462
"FAIRFIELD, OH",39.345467,-84.560319,WH 2,,827.2318779,543.3517837,2937.044838,543.3517837,0.029481195,2330001,36.23816281,38.19305505,39.36419915,-93.11992684,-78.46833666,-118.931462
"FAIRFIELD, OH",39.345467,-84.560319,WH 2,,827.2318779,543.3517837,2937.044838,543.3517837,0.004720089,373045,36.23816281,38.19305505,39.36419915,-93.11992684,-78.46833666,-118.931462
"HEBRON, KY",39.066147,-84.703189,WH 2,,804.5238833,550.1067974,2931.109614,550.1067974,0.004162034,328940,36.23816281,38.19305505,39.36419915,-93.11992684,-78.46833666,-118.931462
"AUBURN, NY",42.931734,-76.566053,WH 2,,1598.026443,550.8318901,3531.763554,550.8318901,0.002011148,158948,36.23816281,38.19305505,39.36419915,-93.11992684,-78.46833666,-118.931462
"GREENWOOD, SC",34.1954,-82.161788,WH 2,,1020.440584,554.3626862,3301.493522,554.3626862,0.000237937,18805,36.23816281,38.19305505,39.36419915,-93.11992684,-78.46833666,-118.931462
"HAMILTON, ON",43.255721,-79.871102,WH 2,,1372.8234,575.1940448,3261.022692,575.1940448,0.001472794,116400,36.23816281,38.19305505,39.36419915,-93.11992684,-78.46833666,-118.931462
"HAMILTON, ON",43.255721,-79.871102,WH 2,,1372.8234,575.1940448,3261.022692,575.1940448,0.001314076,103856,36.23816281,38.19305505,39.36419915,-93.11992684,-78.46833666,-118.931462
"RICHMOND, IN",39.828937,-84.890238,WH 2,,823.4805415,583.7534506,2899.368974,583.7534506,0.001762861,139325,36.23816281,38.19305505,39.36419915,-93.11992684,-78.46833666,-118.931462
"RICHMOND, IN",39.828937,-84.890238,WH 2,,823.4805415,583.7534506,2899.368974,583.7534506,0.000733436,57966,36.23816281,38.19305505,39.36419915,-93.11992684,-78.46833666,-118.931462
"DENMARK, ,",33.322655,-81.142324,WH 2,,1140.032846,592.8033263,3424.839988,592.8033263,0.00043555,34423,36.23816281,38.19305505,39.36419915,-93.11992684,-78.46833666,-118.931462
"CHESHIRE, CT",41.508367,-72.91062,WH 2,,1839.901948,600.6056804,3855.976897,600.6056804,0.001322123,104492,36.23816281,38.19305505,39.36419915,-93.11992684,-78.46833666,-118.931462
"ROMULUS, MI",42.222261,-83.396599,WH 2,,1068.443645,612.8683603,2986.484428,612.8683603,1.93E-05,1528,36.23816281,38.19305505,39.36419915,-93.11992684,-78.46833666,-118.931462
"WARREN, MI",42.514457,-83.014653,WH 2,,1112.841324,615.67323,3014.435522,615.67323,0.007974204,630229,36.23816281,38.19305505,39.36419915,-93.11992684,-78.46833666,-118.931462
"WARREN, MI",42.514457,-83.014653,WH 2,,1112.841324,615.67323,3014.435522,615.67323,0.003993612,315629,36.23816281,38.19305505,39.36419915,-93.11992684,-78.46833666,-118.931462
"VAN BUREN TOWN, MI",42.220317,-83.483824,WH 2,,1062.466444,617.7887131,2979.362699,617.7887131,0.001327754,104937,36.23816281,38.19305505,39.36419915,-93.11992684,-78.46833666,-118.931462
"REXDALE, ON",43.728134,-79.574612,WH 2,,1420.23065,622.4253174,3279.710002,622.4253174,0.000424301,33534,36.23816281,38.19305505,39.36419915,-93.11992684,-78.46833666,-118.931462
"BRAMPTON, ON",43.731548,-79.762418,WH 2,,1407.56605,625.3402902,3264.647442,625.3402902,0.0023455,185373,36.23816281,38.19305505,39.36419915,-93.11992684,-78.46833666,-118.931462
"SHEPHERDSVILLE, KY",37.988399,-85.715792,WH 2,,684.5489663,634.5018082,2871.211791,634.5018082,7.91E-05,6252,36.23816281,38.19305505,39.36419915,-93.11992684,-78.46833666,-118.931462
"SCOTIA, NY",42.826465,-73.964291,WH 2,,1793.372545,640.4292033,3742.990958,640.4292033,0.006171335,487742,36.23816281,38.19305505,39.36419915,-93.11992684,-78.46833666,-118.931462
"SCOTIA, NY",42.826465,-73.964291,WH 2,,1793.372545,640.4292033,3742.990958,640.4292033,0.001343115,106151,36.23816281,38.19305505,39.36419915,-93.11992684,-78.46833666,-118.931462
"YORKTOWN, IN",40.173655,-85.49414,WH 2,,796.6938284,644.1331203,2842.26186,644.1331203,0.000535672,42336,36.23816281,38.19305505,39.36419915,-93.11992684,-78.46833666,-118.931462
"South Windsor, CT",41.848987,-72.571755,WH 2,,1875.466819,645.7727597,3875.686275,645.7727597,0.003468379,274118,36.23816281,38.19305505,39.36419915,-93.11992684,-78.46833666,-118.931462
"SPARTAN, MA",42.10461,-72.725064,WH 2,,1869.594545,653.5208797,3857.580775,653.5208797,0.000490273,38748,36.23816281,38.19305505,39.36419915,-93.11992684,-78.46833666,-118.931462
"FT. WAYNE, IN",41.079273,-85.139351,WH 2,,876.8236835,654.9569143,2857.419295,654.9569143,0.007552851,596928,36.23816281,38.19305505,39.36419915,-93.11992684,-78.46833666,-118.931462
"FORT WAYNE, IN",41.079273,-85.139351,WH 2,,876.8236835,654.9569143,2857.419295,654.9569143,0.003981971,314709,36.23816281,38.19305505,39.36419915,-93.11992684,-78.46833666,-118.931462
"FT. WAYNE, IN",41.079273,-85.139351,WH 2,,876.8236835,654.9569143,2857.419295,654.9569143,0.001542992,121948,36.23816281,38.19305505,39.36419915,-93.11992684,-78.46833666,-118.931462
"FLOWERY BRANCH, GA",34.185102,-83.925181,WH 2,,865.5738446,661.9017977,3150.336414,661.9017977,0.000107398,8488,36.23816281,38.19305505,39.36419915,-93.11992684,-78.46833666,-118.931462
"DACULA, GA",33.988717,-83.897957,WH 2,,874.9041908,675.4568993,3160.506993,675.4568993,0.000262383,20737,36.23816281,38.19305505,39.36419915,-93.11992684,-78.46833666,-118.931462
"FENTON, MI",42.797806,-83.70495,WH 2,,1086.959339,676.6456623,2955.398001,676.6456623,0.002932505,231766,36.23816281,38.19305505,39.36419915,-93.11992684,-78.46833666,-118.931462
"FENTON, MI",42.797806,-83.70495,WH 2,,1086.959339,676.6456623,2955.398001,676.6456623,0.001961916,155057,36.23816281,38.19305505,39.36419915,-93.11992684,-78.46833666,-118.931462
"GRAND BLANC, MI",42.927528,-83.629952,WH 2,,1100.808885,683.2846592,2960.348364,683.2846592,9.07E-05,7170,36.23816281,38.19305505,39.36419915,-93.11992684,-78.46833666,-118.931462
"INDIANAPOLIS, IN",39.768403,-86.158068,WH 2,,725.0323108,687.1299761,2793.821222,687.1299761,0.00017633,13936,36.23816281,38.19305505,39.36419915,-93.11992684,-78.46833666,-118.931462
"Indianapolis, IN",39.768403,-86.158068,WH 2,,725.0323108,687.1299761,2793.821222,687.1299761,0.005116529,404377,36.23816281,38.19305505,39.36419915,-93.11992684,-78.46833666,-118.931462
"LANSING, MI",42.732535,-84.555535,WH 2,,1029.332956,720.7251598,2886.74139,720.7251598,0.00033539,26507,36.23816281,38.19305505,39.36419915,-93.11992684,-78.46833666,-118.931462
"Atlanta, GA",33.748995,-84.387982,WH 2,,841.8112105,726.3091656,3128.102845,726.3091656,0.000120114,9493,36.23816281,38.19305505,39.36419915,-93.11992684,-78.46833666,-118.931462
"MIDDLEBURY, IN",41.675328,-85.706101,WH 2,,880.5300209,728.1360269,2802.771967,728.1360269,0.000282893,22358,36.23816281,38.19305505,39.36419915,-93.11992684,-78.46833666,-118.931462
"MIDDLEBURY, IN",41.675328,-85.706101,WH 2,,880.5300209,728.1360269,2802.771967,728.1360269,6.97E-05,5508,36.23816281,38.19305505,39.36419915,-93.11992684,-78.46833666,-118.931462
"CENTRAL FALLS, RI",41.890655,-71.392278,WH 2,,1971.952466,728.9130043,3970.254246,728.9130043,0.001357615,107297,36.23816281,38.19305505,39.36419915,-93.11992684,-78.46833666,-118.931462
"WEST BOYLSTON, MA",42.366759,-71.785627,WH 2,,1951.602262,732.2240702,3927.662861,732.2240702,0.006451356,509873,36.23816281,38.19305505,39.36419915,-93.11992684,-78.46833666,-118.931462
"MCDONOUGH, GA",33.447336,-84.146862,WH 2,,875.270869,734.9468101,3161.317901,734.9468101,9.96E-06,787,36.23816281,38.19305505,39.36419915,-93.11992684,-78.46833666,-118.931462
"FOREST PARK, GA",33.622054,-84.369092,WH 2,,848.7373674,735.0525996,3134.948041,735.0525996,0.000257423,20345,36.23816281,38.19305505,39.36419915,-93.11992684,-78.46833666,-118.931462
"COLLEGE PARK, GA",33.653443,-84.449372,WH 2,,840.5356109,737.8201738,3126.751402,737.8201738,0.001980933,156560,36.23816281,38.19305505,39.36419915,-93.11992684,-78.46833666,-118.931462
"AUSTELL, GA",33.812606,-84.634378,WH 2,,818.0358108,737.8461162,3104.324124,737.8461162,0.002347866,185560,36.23816281,38.19305505,39.36419915,-93.11992684,-78.46833666,-118.931462
"CLAXTON, GA",32.161581,-81.904005,WH 2,,1125.751346,739.6409701,3410.235099,739.6409701,0.001835767,145087,36.23816281,38.19305505,39.36419915,-93.11992684,-78.46833666,-118.931462
"LITHIA SPRINGS, GA",33.793995,-84.66049,WH 2,,816.5611261,741.0218387,3102.838259,741.0218387,4.34E-05,3427,36.23816281,38.19305505,39.36419915,-93.11992684,-78.46833666,-118.931462
"LITHIA SPRINGS, GA",33.793995,-84.66049,WH 2,,816.5611261,741.0218387,3102.838259,741.0218387,0.000569961,45046,36.23816281,38.19305505,39.36419915,-93.11992684,-78.46833666,-118.931462
"LITHIA SPRINGS, GA",33.793995,-84.66049,WH 2,,816.5611261,741.0218387,3102.838259,741.0218387,0.008328611,658239,36.23816281,38.19305505,39.36419915,-93.11992684,-78.46833666,-118.931462
"LITHIA SPRINGS, GA",33.793995,-84.66049,WH 2,,816.5611261,741.0218387,3102.838259,741.0218387,0.000748594,59164,36.23816281,38.19305505,39.36419915,-93.11992684,-78.46833666,-118.931462
"CLINTON, MA",42.416763,-71.682908,WH 2,,1961.093295,742.3067534,3934.834524,742.3067534,0.003883735,306945,36.23816281,38.19305505,39.36419915,-93.11992684,-78.46833666,-118.931462
"BOLTON, ON",42.433426,-71.607845,WH 2,,1967.515679,748.3471604,3940.508747,748.3471604,0.000252526,19958,36.23816281,38.19305505,39.36419915,-93.11992684,-78.46833666,-118.931462
"BOLTON, ON",42.433426,-71.607845,WH 2,,1967.515679,748.3471604,3940.508747,748.3471604,0.018809779,1486602,36.23816281,38.19305505,39.36419915,-93.11992684,-78.46833666,-118.931462
"BOLTON, ON",42.433426,-71.607845,WH 2,,1967.515679,748.3471604,3940.508747,748.3471604,0.000921723,72847,36.23816281,38.19305505,39.36419915,-93.11992684,-78.46833666,-118.931462
"BOLTON, ON",42.433426,-71.607845,WH 2,,1967.515679,748.3471604,3940.508747,748.3471604,6.09E-05,4816,36.23816281,38.19305505,39.36419915,-93.11992684,-78.46833666,-118.931462
"MANSFIELD, MA",42.033457,-71.219058,WH 2,,1989.158624,749.4905427,3980.906073,749.4905427,4.76E-05,3765,36.23816281,38.19305505,39.36419915,-93.11992684,-78.46833666,-118.931462
"MANSFIELD, MA",42.033457,-71.219058,WH 2,,1989.158624,749.4905427,3980.906073,749.4905427,9.33E-05,7374,36.23816281,38.19305505,39.36419915,-93.11992684,-78.46833666,-118.931462
"TAUNTON, MA",41.900101,-71.089767,WH 2,,1996.714981,750.8267423,3994.495225,750.8267423,0.007111393,562038,36.23816281,38.19305505,39.36419915,-93.11992684,-78.46833666,-118.931462
"LYONS, GA",32.204355,-82.321791,WH 2,,1088.570983,752.1590853,3372.400024,752.1590853,0.000931922,73653,36.23816281,38.19305505,39.36419915,-93.11992684,-78.46833666,-118.931462
"MONTAGUE, PE",42.362725,-71.112624,WH 2,,2005.394917,776.9056709,3981.924331,776.9056709,0.000208684,16493,36.23816281,38.19305505,39.36419915,-93.11992684,-78.46833666,-118.931462
"TEWKSBURY, MA",42.610648,-71.234225,WH 2,,2001.859646,784.68014,3966.648034,784.68014,0.000190793,15079,36.23816281,38.19305505,39.36419915,-93.11992684,-78.46833666,-118.931462
"ANDOVER, MA",42.658336,-71.136795,WH 2,,2010.842651,794.2429507,3973.423079,794.2429507,7.59E-07,60,36.23816281,38.19305505,39.36419915,-93.11992684,-78.46833666,-118.931462
"BURLINGTON, ON",44.475883,-73.212072,WH 2,,1912.306311,824.5993116,3775.171833,824.5993116,0.016492001,1303420,36.23816281,38.19305505,39.36419915,-93.11992684,-78.46833666,-118.931462
"OTTAWA, K1B 3M5",45.415788,-75.631612,WH 2,,1784.487859,836.68999,3574.536465,836.68999,0.000539645,42650,36.23816281,38.19305505,39.36419915,-93.11992684,-78.46833666,-118.931462
"ST. LAURENT, QU",45.488137,-73.753034,WH 2,,1918.536293,899.9152183,3719.695846,899.9152183,0.000105044,8302,36.23816281,38.19305505,39.36419915,-93.11992684,-78.46833666,-118.931462
"ST-LAURENT, QC",45.498564,-73.749757,WH 2,,1919.267954,901.0626139,3719.83228,901.0626139,0.008499349,671733,36.23816281,38.19305505,39.36419915,-93.11992684,-78.46833666,-118.931462
"ST-LAURENT, QC",45.498564,-73.749757,WH 2,,1919.267954,901.0626139,3719.83228,901.0626139,0.008396696,663620,36.23816281,38.19305505,39.36419915,-93.11992684,-78.46833666,-118.931462
"ST-LAURENT, QC",45.498564,-73.749757,WH 2,,1919.267954,901.0626139,3719.83228,901.0626139,0.003848129,304131,36.23816281,38.19305505,39.36419915,-93.11992684,-78.46833666,-118.931462
"ST-LAURENT, QC",45.498564,-73.749757,WH 2,,1919.267954,901.0626139,3719.83228,901.0626139,0.003634435,287242,36.23816281,38.19305505,39.36419915,-93.11992684,-78.46833666,-118.931462
"ST LAURENT, QU",45.522632,-73.69189,WH 2,,1924.490979,905.5141323,3724.046929,905.5141323,0.000455174,35974,36.23816281,38.19305505,39.36419915,-93.11992684,-78.46833666,-118.931462
"ST LAURENT, QU",45.522632,-73.69189,WH 2,,1924.490979,905.5141323,3724.046929,905.5141323,0.000399565,31579,36.23816281,38.19305505,39.36419915,-93.11992684,-78.46833666,-118.931462
"ST LAURENT, QU",45.522632,-73.69189,WH 2,,1924.490979,905.5141323,3724.046929,905.5141323,0.002353433,186000,36.23816281,38.19305505,39.36419915,-93.11992684,-78.46833666,-118.931462
"ST LAURENT, QU",45.522632,-73.69189,WH 2,,1924.490979,905.5141323,3724.046929,905.5141323,0.000455174,35974,36.23816281,38.19305505,39.36419915,-93.11992684,-78.46833666,-118.931462
"MONTREAL, QC",45.501689,-73.567256,WH 2,,1932.257252,907.9943671,3733.94576,907.9943671,0.003932271,310781,36.23816281,38.19305505,39.36419915,-93.11992684,-78.46833666,-118.931462
"PORTLAND, ME",43.661471,-70.255326,WH 2,,2107.759967,918.8589658,4022.665264,918.8589658,0.003444161,272204,36.23816281,38.19305505,39.36419915,-93.11992684,-78.46833666,-118.931462
"BOUCHERVILLE, QC",45.59137,-73.43641,WH 2,,1945.735403,921.6119024,3743.056736,921.6119024,0.000884284,69888,36.23816281,38.19305505,39.36419915,-93.11992684,-78.46833666,-118.931462
"BOUCHERVILLE, QC",45.59137,-73.43641,WH 2,,1945.735403,921.6119024,3743.056736,921.6119024,0.000527738,41709,36.23816281,38.19305505,39.36419915,-93.11992684,-78.46833666,-118.931462
"JACKSONVILLE, FL",30.332184,-81.655651,WH 2,,1250.365875,921.6818095,3519.050564,921.6818095,0.003300792,260873,36.23816281,38.19305505,39.36419915,-93.11992684,-78.46833666,-118.931462
"JACKSONVILLE, FL",30.332184,-81.655651,WH 2,,1250.365875,921.6818095,3519.050564,921.6818095,0.002801965,221449,36.23816281,38.19305505,39.36419915,-93.11992684,-78.46833666,-118.931462
"JACKSONVILLE, FL",30.332184,-81.655651,WH 2,,1250.365875,921.6818095,3519.050564,921.6818095,0.003436329,271585,36.23816281,38.19305505,39.36419915,-93.11992684,-78.46833666,-118.931462
"JACKSONVILLE, FL",30.332184,-81.655651,WH 2,,1250.365875,921.6818095,3519.050564,921.6818095,0.001092221,86322,36.23816281,38.19305505,39.36419915,-93.11992684,-78.46833666,-118.931462
"JACKSONVILLE, FL",30.332184,-81.655651,WH 2,,1250.365875,921.6818095,3519.050564,921.6818095,0.000916194,72410,36.23816281,38.19305505,39.36419915,-93.11992684,-78.46833666,-118.931462
"JACKSONVILLE, FL",30.332184,-81.655651,WH 2,,1250.365875,921.6818095,3519.050564,921.6818095,0.0006435,50858,36.23816281,38.19305505,39.36419915,-93.11992684,-78.46833666,-118.931462
"OCALA, FL",29.187199,-82.140092,WH 2,,1290.747467,1057.188036,3536.780694,1057.188036,0.010019161,791849,36.23816281,38.19305505,39.36419915,-93.11992684,-78.46833666,-118.931462
"ORLANDO, FL",28.538336,-81.379236,WH 2,,1393.952437,1106.88477,3636.52347,1106.88477,3.93E-05,3103,36.23816281,38.19305505,39.36419915,-93.11992684,-78.46833666,-118.931462
"ORLANDO, FL",28.538336,-81.379236,WH 2,,1393.952437,1106.88477,3636.52347,1106.88477,0.004923459,389118,36.23816281,38.19305505,39.36419915,-93.11992684,-78.46833666,-118.931462
"ORLANDO, FL",28.538336,-81.379236,WH 2,,1393.952437,1106.88477,3636.52347,1106.88477,0.000236748,18711,36.23816281,38.19305505,39.36419915,-93.11992684,-78.46833666,-118.931462
"VILLE VANIER, QC",46.820142,-71.260833,WH 2,,2155.486712,1125.506564,3896.239176,1125.506564,0.008817455,696874,36.23816281,38.19305505,39.36419915,-93.11992684,-78.46833666,-118.931462
"QUEBEC, CANADA, ,",46.813878,-71.207981,WH 2,,2158.830851,1127.193824,3900.308902,1127.193824,0.009805125,774933,36.23816281,38.19305505,39.36419915,-93.11992684,-78.46833666,-118.931462
"QUEBEC, CANADA, ,",46.813878,-71.207981,WH 2,,2158.830851,1127.193824,3900.308902,1127.193824,0.001778348,140549,36.23816281,38.19305505,39.36419915,-93.11992684,-78.46833666,-118.931462
"PRESTON, VIC",28.145029,-80.660293,WH 2,,1475.793083,1135.65518,3719.296356,1135.65518,0.000640286,50604,36.23816281,38.19305505,39.36419915,-93.11992684,-78.46833666,-118.931462
"LAKELAND, FL",28.039465,-81.949804,WH 2,,1390.008032,1174.391366,3615.46635,1174.391366,0.00056781,44876,36.23816281,38.19305505,39.36419915,-93.11992684,-78.46833666,-118.931462
"LAKELAND, FL",28.039465,-81.949804,WH 2,,1390.008032,1174.391366,3615.46635,1174.391366,0.015874288,1254600,36.23816281,38.19305505,39.36419915,-93.11992684,-78.46833666,-118.931462
"PLANT CITY, FL",28.018632,-82.112864,WH 2,,1380.107016,1180.877799,3602.785345,1180.877799,0.001786901,141225,36.23816281,38.19305505,39.36419915,-93.11992684,-78.46833666,-118.931462
"TAMPA, FL",27.950575,-82.457178,WH 2,,1361.424806,1197.668469,3577.388305,1197.668469,0.000271986,21496,36.23816281,38.19305505,39.36419915,-93.11992684,-78.46833666,-118.931462
"TAMPA, FL",27.950575,-82.457178,WH 2,,1361.424806,1197.668469,3577.388305,1197.668469,0.000641652,50712,36.23816281,38.19305505,39.36419915,-93.11992684,-78.46833666,-118.931462
"TAMPA, FL",27.950575,-82.457178,WH 2,,1361.424806,1197.668469,3577.388305,1197.668469,0.000305579,24151,36.23816281,38.19305505,39.36419915,-93.11992684,-78.46833666,-118.931462
"TAMPA, FL",27.950575,-82.457178,WH 2,,1361.424806,1197.668469,3577.388305,1197.668469,0.004936883,390179,36.23816281,38.19305505,39.36419915,-93.11992684,-78.46833666,-118.931462
"WEST PALM BEACH, FL",26.715342,-80.053375,WH 2,,1627.070904,1284.834378,3851.662745,1284.834378,0.001550622,122551,36.23816281,38.19305505,39.36419915,-93.11992684,-78.46833666,-118.931462
"MIRAMAR, FL",25.986076,-80.30356,WH 2,,1666.810258,1368.228876,3873.288031,1368.228876,0.000502078,39681,36.23816281,38.19305505,39.36419915,-93.11992684,-78.46833666,-118.931462
"MIRAMAR, FL",25.986076,-80.30356,WH 2,,1666.810258,1368.228876,3873.288031,1368.228876,0.002062886,163037,36.23816281,38.19305505,39.36419915,-93.11992684,-78.46833666,-118.931462
"MEDLEY, FL",25.840653,-80.32644,WH 2,,1676.951573,1384.556268,3880.026444,1384.556268,0.000781289,61748,36.23816281,38.19305505,39.36419915,-93.11992684,-78.46833666,-118.931462
"MEDLEY, FL",25.840653,-80.32644,WH 2,,1676.951573,1384.556268,3880.026444,1384.556268,0.005098081,402919,36.23816281,38.19305505,39.36419915,-93.11992684,-78.46833666,-118.931462
"MIAMI, FL",25.76168,-80.19179,WH 2,,1692.59256,1391.749161,3896.11354,1391.749161,0.004963771,392304,36.23816281,38.19305505,39.36419915,-93.11992684,-78.46833666,-118.931462
"MIAMI, FL",25.76168,-80.19179,WH 2,,1692.59256,1391.749161,3896.11354,1391.749161,0.000191311,15120,36.23816281,38.19305505,39.36419915,-93.11992684,-78.46833666,-118.931462
"MIAMI, FL",25.76168,-80.19179,WH 2,,1692.59256,1391.749161,3896.11354,1391.749161,0.000155883,12320,36.23816281,38.19305505,39.36419915,-93.11992684,-78.46833666,-118.931462
"MIAMI, FL",25.76168,-80.19179,WH 2,,1692.59256,1391.749161,3896.11354,1391.749161,0.000142712,11279,36.23816281,38.19305505,39.36419915,-93.11992684,-78.46833666,-118.931462
"MONCTON, NB",46.087817,-64.778231,WH 2,,2594.708043,1426.547359,4399.168446,1426.547359,0.005650784,446601,36.23816281,38.19305505,39.36419915,-93.11992684,-78.46833666,-118.931462
"ARECIBO, PR",18.444247,-66.646407,WH 2,,3259.819617,2476.969134,5505.224101,2476.969134,0.000135538,10712,36.23816281,38.19305505,39.36419915,-93.11992684,-78.46833666,-118.931462
"UNITED KINGDOM, ,",51.5111,-0.153261,WH 2,,7128.139619,6041.84847,8300.139206,6041.84847,0.000871175,68852,36.23816281,38.19305505,39.36419915,-93.11992684,-78.46833666,-118.931462
"SPAIN, ,",40.434617,-3.686748,WH 2,,7458.737319,6235.654939,8981.275754,6235.654939,0.002396023,189366,36.23816281,38.19305505,39.36419915,-93.11992684,-78.46833666,-118.931462
"EPERNON, FRANCE",48.6101,1.6769,WH 2,,7393.433706,6275.817364,8623.379243,6275.817364,0.005110671,403914,36.23816281,38.19305505,39.36419915,-93.11992684,-78.46833666,-118.931462
"QATAR, ,",25.303604,51.471328,WH 2,,12228.91904,11237.55807,12755.57916,11237.55807,0.000630872,49860,36.23816281,38.19305505,39.36419915,-93.11992684,-78.46833666,-118.931462
"COTA CUNDINAMARCA, COLOMBIA",4.8093,74.1031,WH 2,,15260.95614,14459.49032,14924.30243,14459.49032,0.000667325,52741,36.23816281,38.19305505,39.36419915,-93.11992684,-78.46833666,-118.931462
"SPARKS, NV",39.534911,-119.752689,WH 3,,2356.976598,3545.97552,73.02301335,73.02301335,0.06750606,1900141,36.23816281,38.19305505,39.36419915,-93.11992684,-78.46833666,-118.931462
"RENO, NV",39.529633,-119.813803,WH 3,,2362.212974,3551.232169,77.96413108,77.96413108,0.015163436,426816,36.23816281,38.19305505,39.36419915,-93.11992684,-78.46833666,-118.931462
"RENO, NV",39.529633,-119.813803,WH 3,,2362.212974,3551.232169,77.96413108,77.96413108,0.00029331,8256,36.23816281,38.19305505,39.36419915,-93.11992684,-78.46833666,-118.931462
"SACRAMENTO, CA",38.581572,-121.4944,WH 3,,2509.616309,3715.208464,238.0265526,238.0265526,0.003688222,103815,36.23816281,38.19305505,39.36419915,-93.11992684,-78.46833666,-118.931462
"SACRAMENTO, CA",38.581572,-121.4944,WH 3,,2509.616309,3715.208464,238.0265526,238.0265526,0.003635962,102344,36.23816281,38.19305505,39.36419915,-93.11992684,-78.46833666,-118.931462
"LATHROP, CA",37.822705,-121.27661,WH 3,,2496.185479,3716.62465,266.2909541,266.2909541,1.64E-05,463,36.23816281,38.19305505,39.36419915,-93.11992684,-78.46833666,-118.931462
"ATWATER, CA",37.347717,-120.609084,WH 3,,2442.261101,3672.805853,267.7069749,267.7069749,0.000401347,11297,36.23816281,38.19305505,39.36419915,-93.11992684,-78.46833666,-118.931462
"LIVINGSTON, CA",37.386883,-120.723533,WH 3,,2451.913178,3681.489395,269.7001927,269.7001927,0.183670998,5169918,36.23816281,38.19305505,39.36419915,-93.11992684,-78.46833666,-118.931462
"LIVINGSTON, CA",37.386883,-120.723533,WH 3,,2451.913178,3681.489395,269.7001927,269.7001927,0.000628826,17700,36.23816281,38.19305505,39.36419915,-93.11992684,-78.46833666,-118.931462
"TRACY, CA",37.739651,-121.425223,WH 3,,2509.969134,3731.557095,282.2155478,282.2155478,0.029021295,816883,36.23816281,38.19305505,39.36419915,-93.11992684,-78.46833666,-118.931462
"TRACY, CA",37.739651,-121.425223,WH 3,,2509.969134,3731.557095,282.2155478,282.2155478,0.011816094,332596,36.23816281,38.19305505,39.36419915,-93.11992684,-78.46833666,-118.931462
"TRACY, CA",37.739651,-121.425223,WH 3,,2509.969134,3731.557095,282.2155478,282.2155478,0.010899572,306798,36.23816281,38.19305505,39.36419915,-93.11992684,-78.46833666,-118.931462
"TRACY, CA",37.739651,-121.425223,WH 3,,2509.969134,3731.557095,282.2155478,282.2155478,1.81E-05,509,36.23816281,38.19305505,39.36419915,-93.11992684,-78.46833666,-118.931462
"TRACY, CA",37.739651,-121.425223,WH 3,,2509.969134,3731.557095,282.2155478,282.2155478,0.000224778,6327,36.23816281,38.19305505,39.36419915,-93.11992684,-78.46833666,-118.931462
"TRACY, CA",37.739651,-121.425223,WH 3,,2509.969134,3731.557095,282.2155478,282.2155478,0.013311172,374679,36.23816281,38.19305505,39.36419915,-93.11992684,-78.46833666,-118.931462
"FRESNO, CA",36.746842,-119.772587,WH 3,,2375.527308,3618.383525,300.2054232,300.2054232,0.000930662,26196,36.23816281,38.19305505,39.36419915,-93.11992684,-78.46833666,-118.931462
"FRESNO, CA",36.746842,-119.772587,WH 3,,2375.527308,3618.383525,300.2054232,300.2054232,3.96E-05,1114,36.23816281,38.19305505,39.36419915,-93.11992684,-78.46833666,-118.931462
"LIVERMORE, CA",37.681875,-121.768009,WH 3,,2540.571555,3762.360575,309.6257449,309.6257449,0.000641331,18052,36.23816281,38.19305505,39.36419915,-93.11992684,-78.46833666,-118.931462
"FOWLER, CA",36.630506,-119.67847,WH 3,,2368.729443,3613.729664,310.9367183,310.9367183,0.001622867,45680,36.23816281,38.19305505,39.36419915,-93.11992684,-78.46833666,-118.931462
"NEWARK, CA",37.529659,-122.04024,WH 3,,2566.047874,3789.848788,338.9437953,338.9437953,0.001432124,40311,36.23816281,38.19305505,39.36419915,-93.11992684,-78.46833666,-118.931462
"SAN JOSE, CA",37.338208,-121.886329,WH 3,,2554.703975,3782.210089,342.2259576,342.2259576,0.012304163,346334,36.23816281,38.19305505,39.36419915,-93.11992684,-78.46833666,-118.931462
"SAN JOSE, CA",37.338208,-121.886329,WH 3,,2554.703975,3782.210089,342.2259576,342.2259576,0.000671316,18896,36.23816281,38.19305505,39.36419915,-93.11992684,-78.46833666,-118.931462
"GILROY, CA",37.005782,-121.568275,WH 3,,2530.807609,3764.746398,349.0830852,349.0830852,8.21E-05,2310,36.23816281,38.19305505,39.36419915,-93.11992684,-78.46833666,-118.931462
"KLAMATH FALLS, OR",42.224867,-121.78167,WH 3,,2543.499055,3665.599564,398.3796425,398.3796425,0.000771573,21718,36.23816281,38.19305505,39.36419915,-93.11992684,-78.46833666,-118.931462
"SANTA MARIA, CA",34.953034,-120.435719,WH 3,,2465.803541,3733.061807,508.2666787,508.2666787,0.003727941,104933,36.23816281,38.19305505,39.36419915,-93.11992684,-78.46833666,-118.931462
"SANTA MARIA, CA",34.953034,-120.435719,WH 3,,2465.803541,3733.061807,508.2666787,508.2666787,0.000888172,25000,36.23816281,38.19305505,39.36419915,-93.11992684,-78.46833666,-118.931462
"BOISE, ID",43.61871,-116.214607,WH 3,,2124.405131,3200.51067,524.3361134,524.3361134,0.006243883,175751,36.23816281,38.19305505,39.36419915,-93.11992684,-78.46833666,-118.931462
"MYRTLE CREEK, OR",43.020117,-123.29312,WH 3,,2675.562439,3776.544485,546.1474429,546.1474429,0.007968996,224309,36.23816281,38.19305505,39.36419915,-93.11992684,-78.46833666,-118.931462
"CANOGA PARK, CA",34.208254,-118.605861,WH 3,,2319.326801,3600.485694,574.0459091,574.0459091,5.88E-05,1654,36.23816281,38.19305505,39.36419915,-93.11992684,-78.46833666,-118.931462
"OXNARD, CA",34.197505,-119.177052,WH 3,,2370.788383,3650.553822,574.9251321,574.9251321,0.001790838,50408,36.23816281,38.19305505,39.36419915,-93.11992684,-78.46833666,-118.931462
"OXNARD, CA",34.197505,-119.177052,WH 3,,2370.788383,3650.553822,574.9251321,574.9251321,0.00162912,45856,36.23816281,38.19305505,39.36419915,-93.11992684,-78.46833666,-118.931462
"OXNARD, CA",34.197505,-119.177052,WH 3,,2370.788383,3650.553822,574.9251321,574.9251321,0.000293239,8254,36.23816281,38.19305505,39.36419915,-93.11992684,-78.46833666,-118.931462
"OXNARD, CA",34.197505,-119.177052,WH 3,,2370.788383,3650.553822,574.9251321,574.9251321,8.11E-05,2284,36.23816281,38.19305505,39.36419915,-93.11992684,-78.46833666,-118.931462
"LOS ANGELES, CA",34.052234,-118.243685,WH 3,,2290.789448,3574.61479,593.8305429,593.8305429,0.043294144,1218631,36.23816281,38.19305505,39.36419915,-93.11992684,-78.46833666,-118.931462
"LOS ANGELES, CA",34.052234,-118.243685,WH 3,,2290.789448,3574.61479,593.8305429,593.8305429,0.002216877,62400,36.23816281,38.19305505,39.36419915,-93.11992684,-78.46833666,-118.931462
"LOS ANGELES, CA",34.052234,-118.243685,WH 3,,2290.789448,3574.61479,593.8305429,593.8305429,9.93E-05,2796,36.23816281,38.19305505,39.36419915,-93.11992684,-78.46833666,-118.931462
"EL MONTE, CA",34.068621,-118.027567,WH 3,,2270.993695,3555.20327,594.3168027,594.3168027,0.009164333,257955,36.23816281,38.19305505,39.36419915,-93.11992684,-78.46833666,-118.931462
"LAVERNE, CA",34.100843,-117.767835,WH 3,,2246.887564,3531.420604,594.3565704,594.3565704,0.00027981,7876,36.23816281,38.19305505,39.36419915,-93.11992684,-78.46833666,-118.931462
"LAVERNE, CA",34.100843,-117.767835,WH 3,,2246.887564,3531.420604,594.3565704,594.3565704,0,0,36.23816281,38.19305505,39.36419915,-93.11992684,-78.46833666,-118.931462
"LAVERNE, CA",34.100843,-117.767835,WH 3,,2246.887564,3531.420604,594.3565704,594.3565704,0.000212415,5979,36.23816281,38.19305505,39.36419915,-93.11992684,-78.46833666,-118.931462
"POMONA, CA",34.055103,-117.749991,WH 3,,2246.448546,3531.521978,599.6472674,599.6472674,0.013864325,390249,36.23816281,38.19305505,39.36419915,-93.11992684,-78.46833666,-118.931462
"POMONA, CA",34.055103,-117.749991,WH 3,,2246.448546,3531.521978,599.6472674,599.6472674,0.000237852,6695,36.23816281,38.19305505,39.36419915,-93.11992684,-78.46833666,-118.931462
"COMMERCE, CA",34.000569,-118.159793,WH 3,,2284.593947,3569.192917,600.356882,600.356882,0.001448395,40769,36.23816281,38.19305505,39.36419915,-93.11992684,-78.46833666,-118.931462
"COMMERCE, CA",34.000569,-118.159793,WH 3,,2284.593947,3569.192917,600.356882,600.356882,0.000197671,5564,36.23816281,38.19305505,39.36419915,-93.11992684,-78.46833666,-118.931462
"ONTARIO, CA",34.063344,-117.650888,WH 3,,2237.351985,3522.592172,600.3578484,600.3578484,0.002554453,71902,36.23816281,38.19305505,39.36419915,-93.11992684,-78.46833666,-118.931462
"CITY OF INDUSTRY, CA",34.019734,-117.958675,WH 3,,2266.066477,3550.980759,600.5610811,600.5610811,0.002276846,64088,36.23816281,38.19305505,39.36419915,-93.11992684,-78.46833666,-118.931462
"CITY OF INDUSTRY, CA",34.019734,-117.958675,WH 3,,2266.066477,3550.980759,600.5610811,600.5610811,0.000811931,22854,36.23816281,38.19305505,39.36419915,-93.11992684,-78.46833666,-118.931462
"FONTANA, CA",34.092234,-117.435048,WH 3,,2217.264406,3502.748474,601.1652989,601.1652989,0.003777963,106341,36.23816281,38.19305505,39.36419915,-93.11992684,-78.46833666,-118.931462
"SAN BERNARDINO, CA",34.108345,-117.289765,WH 3,,2203.829874,3489.512852,602.4221236,602.4221236,0.00030951,8712,36.23816281,38.19305505,39.36419915,-93.11992684,-78.46833666,-118.931462
"WHITTIER, CA",33.979179,-118.032844,WH 3,,2273.763311,3558.918741,604.1155789,604.1155789,0.000230996,6502,36.23816281,38.19305505,39.36419915,-93.11992684,-78.46833666,-118.931462
"BELL GARDENS, CA",33.965292,-118.151459,WH 3,,2284.759861,3569.75638,604.3405203,604.3405203,0.000740238,20836,36.23816281,38.19305505,39.36419915,-93.11992684,-78.46833666,-118.931462
"SANTA FE SPRINGS, CA",33.947236,-118.085345,WH 3,,2279.300983,3564.659561,607.0395145,607.0395145,0.004132379,116317,36.23816281,38.19305505,39.36419915,-93.11992684,-78.46833666,-118.931462
"SANTA FE SPRINGS, CA",33.947236,-118.085345,WH 3,,2279.300983,3564.659561,607.0395145,607.0395145,0.001119061,31499,36.23816281,38.19305505,39.36419915,-93.11992684,-78.46833666,-118.931462
"SANTA FE SPRINGS, CA",33.947236,-118.085345,WH 3,,2279.300983,3564.659561,607.0395145,607.0395145,0.000530771,14940,36.23816281,38.19305505,39.36419915,-93.11992684,-78.46833666,-118.931462
"DOWNEY, CA",33.940109,-118.133159,WH 3,,2283.774474,3569.084988,607.3123698,607.3123698,0.001859228,52333,36.23816281,38.19305505,39.36419915,-93.11992684,-78.46833666,-118.931462
"DOWNEY, CA",33.940109,-118.133159,WH 3,,2283.774474,3569.084988,607.3123698,607.3123698,0.001719145,48390,36.23816281,38.19305505,39.36419915,-93.11992684,-78.46833666,-118.931462
"REDLANDS, CA",34.055569,-117.182538,WH 3,,2195.550609,3482.074633,610.4943832,610.4943832,0.003850935,108395,36.23816281,38.19305505,39.36419915,-93.11992684,-78.46833666,-118.931462
"MIRA LOMA, CA",33.984542,-117.515945,WH 3,,2227.271466,3513.698121,611.3398806,611.3398806,0.016523795,465107,36.23816281,38.19305505,39.36419915,-93.11992684,-78.46833666,-118.931462
"MIRA LOMA, CA",33.984542,-117.515945,WH 3,,2227.271466,3513.698121,611.3398806,611.3398806,0.013351424,375812,36.23816281,38.19305505,39.36419915,-93.11992684,-78.46833666,-118.931462
"RANCHO DOMINGUEZ, CA",33.886214,-118.228966,WH 3,,2293.779602,3579.409592,612.334683,612.334683,0.012444885,350295,36.23816281,38.19305505,39.36419915,-93.11992684,-78.46833666,-118.931462
"RANCHO DOMINGUEZ, CA",33.886214,-118.228966,WH 3,,2293.779602,3579.409592,612.334683,612.334683,0.00157146,44233,36.23816281,38.19305505,39.36419915,-93.11992684,-78.46833666,-118.931462
"DRAPER, UT",40.524671,-111.863823,WH 3,,1698.149957,2865.662868,615.9903196,615.9903196,0.00040927,11520,36.23816281,38.19305505,39.36419915,-93.11992684,-78.46833666,-118.931462
"RIVERSIDE, CA",33.953349,-117.396156,WH 3,,2217.336983,3504.397389,617.0179158,617.0179158,0.000921993,25952,36.23816281,38.19305505,39.36419915,-93.11992684,-78.46833666,-118.931462
"RIVERSIDE, CA",33.953349,-117.396156,WH 3,,2217.336983,3504.397389,617.0179158,617.0179158,0.000220089,6195,36.23816281,38.19305505,39.36419915,-93.11992684,-78.46833666,-118.931462
"LA PALMA, CA",33.846322,-118.046139,WH 3,,2278.439422,3564.954336,618.6174246,618.6174246,0.000212806,5990,36.23816281,38.19305505,39.36419915,-93.11992684,-78.46833666,-118.931462
"SALT LAKE CITY, UT",40.760779,-111.891047,WH 3,,1705.27081,2865.422241,618.7565636,618.7565636,0.004501006,126693,36.23816281,38.19305505,39.36419915,-93.11992684,-78.46833666,-118.931462
"SALT LAKE CITY, UT",40.760779,-111.891047,WH 3,,1705.27081,2865.422241,618.7565636,618.7565636,0.004179807,117652,36.23816281,38.19305505,39.36419915,-93.11992684,-78.46833666,-118.931462
"SALT LAKE CITY, UT",40.760779,-111.891047,WH 3,,1705.27081,2865.422241,618.7565636,618.7565636,0.000364932,10272,36.23816281,38.19305505,39.36419915,-93.11992684,-78.46833666,-118.931462
"SALT LAKE CITY, UT",40.760779,-111.891047,WH 3,,1705.27081,2865.422241,618.7565636,618.7565636,2.33E-05,655,36.23816281,38.19305505,39.36419915,-93.11992684,-78.46833666,-118.931462
"SALT LAKE CITY, UT",40.760779,-111.891047,WH 3,,1705.27081,2865.422241,618.7565636,618.7565636,3.30E-06,93,36.23816281,38.19305505,39.36419915,-93.11992684,-78.46833666,-118.931462
"SALT LAKE CITY, UT",40.760779,-111.891047,WH 3,,1705.27081,2865.422241,618.7565636,618.7565636,0.003428307,96499,36.23816281,38.19305505,39.36419915,-93.11992684,-78.46833666,-118.931462
"SALT LAKE CITY, UT",40.760779,-111.891047,WH 3,,1705.27081,2865.422241,618.7565636,618.7565636,0.000489418,13776,36.23816281,38.19305505,39.36419915,-93.11992684,-78.46833666,-118.931462
"ANAHEIM, CA",33.836593,-117.914301,WH 3,,2266.874541,3553.827097,621.2982819,621.2982819,0.017607152,495601,36.23816281,38.19305505,39.36419915,-93.11992684,-78.46833666,-118.931462
"ANAHEIM, CA",33.836593,-117.914301,WH 3,,2266.874541,3553.827097,621.2982819,621.2982819,0.019420514,546643,36.23816281,38.19305505,39.36419915,-93.11992684,-78.46833666,-118.931462
"SIGNAL HILL, CA",33.804461,-118.167846,WH 3,,2290.469953,3577.104879,621.9547516,621.9547516,0.001973056,55537,36.23816281,38.19305505,39.36419915,-93.11992684,-78.46833666,-118.931462
"LOS ALAMITOS, CA",33.803201,-118.071889,WH 3,,2281.898102,3568.791478,623.0892212,623.0892212,0.008634948,243054,36.23816281,38.19305505,39.36419915,-93.11992684,-78.46833666,-118.931462
"OGDEN, UT",41.223,-111.97383,WH 3,,1722.629812,2868.016693,625.0271151,625.0271151,0.014405541,405483,36.23816281,38.19305505,39.36419915,-93.11992684,-78.46833666,-118.931462
"OGDEN, UT",41.223,-111.97383,WH 3,,1722.629812,2868.016693,625.0271151,625.0271151,0.005187562,146018,36.23816281,38.19305505,39.36419915,-93.11992684,-78.46833666,-118.931462
"OGDEN, UT",41.223,-111.97383,WH 3,,1722.629812,2868.016693,625.0271151,625.0271151,0.002853731,80326,36.23816281,38.19305505,39.36419915,-93.11992684,-78.46833666,-118.931462
"SANTA ANA, CA",33.745473,-117.867653,WH 3,,2265.134274,3553.135259,631.9425606,631.9425606,0.028300419,796592,36.23816281,38.19305505,39.36419915,-93.11992684,-78.46833666,-118.931462
"CAMP PENDLETON, CA",33.317842,-117.320512,WH 3,,2228.081625,3521.534885,687.5953509,687.5953509,0.001962682,55245,36.23816281,38.19305505,39.36419915,-93.11992684,-78.46833666,-118.931462
"OCEANSIDE, CA",33.19587,-117.379483,WH 3,,2236.96312,3531.364535,699.8171588,699.8171588,0.000193479,5446,36.23816281,38.19305505,39.36419915,-93.11992684,-78.46833666,-118.931462
"VISTA, CA",33.200037,-117.242536,WH 3,,2224.561665,3519.252059,701.900641,701.900641,9.99E-05,2812,36.23816281,38.19305505,39.36419915,-93.11992684,-78.46833666,-118.931462
"WOODBURN, OR",45.143731,-122.855372,WH 3,,2676.656756,3718.411112,719.0100319,719.0100319,0.018785045,528756,36.23816281,38.19305505,39.36419915,-93.11992684,-78.46833666,-118.931462
"CLACKAMAS, OR",45.407621,-122.570369,WH 3,,2660.757491,3694.28277,735.2537352,735.2537352,0.011222902,315899,36.23816281,38.19305505,39.36419915,-93.11992684,-78.46833666,-118.931462
"CLACKAMAS, OR",45.407621,-122.570369,WH 3,,2660.757491,3694.28277,735.2537352,735.2537352,0.003572617,100561,36.23816281,38.19305505,39.36419915,-93.11992684,-78.46833666,-118.931462
"CHULA VISTA, CA",32.640054,-117.084196,WH 3,,2227.81963,3527.436335,765.8794099,765.8794099,0.000762051,21450,36.23816281,38.19305505,39.36419915,-93.11992684,-78.46833666,-118.931462
"CHULA VISTA, CA",32.640054,-117.084196,WH 3,,2227.81963,3527.436335,765.8794099,765.8794099,4.58E-05,1290,36.23816281,38.19305505,39.36419915,-93.11992684,-78.46833666,-118.931462
"BRAWLEY, CA",32.978657,-115.530267,WH 3,,2077.898556,3378.313315,772.7244107,772.7244107,0.002550438,71789,36.23816281,38.19305505,39.36419915,-93.11992684,-78.46833666,-118.931462
"CALEXICO, CA",32.678948,-115.498883,WH 3,,2084.691281,3387.384171,804.7368338,804.7368338,0.00036884,10382,36.23816281,38.19305505,39.36419915,-93.11992684,-78.46833666,-118.931462
"TOLLESON, AZ",33.450043,-112.259321,WH 3,,1770.891162,3074.521803,887.7073481,887.7073481,0.003309008,93141,36.23816281,38.19305505,39.36419915,-93.11992684,-78.46833666,-118.931462
"TOLLESON, AZ",33.450043,-112.259321,WH 3,,1770.891162,3074.521803,887.7073481,887.7073481,2.96E-05,834,36.23816281,38.19305505,39.36419915,-93.11992684,-78.46833666,-118.931462
"PHOENIX, AZ",33.448377,-112.074037,WH 3,,1754.375577,3058.392362,899.048807,899.048807,0.002497077,70287,36.23816281,38.19305505,39.36419915,-93.11992684,-78.46833666,-118.931462
"TEMPE, AZ",33.42551,-111.940005,WH 3,,1743.078506,3047.534211,909.1575424,909.1575424,0.001330126,37440,36.23816281,38.19305505,39.36419915,-93.11992684,-78.46833666,-118.931462
"TEMPE, AZ",33.42551,-111.940005,WH 3,,1743.078506,3047.534211,909.1575424,909.1575424,0.001330126,37440,36.23816281,38.19305505,39.36419915,-93.11992684,-78.46833666,-118.931462
"TEMPE, AZ",33.42551,-111.940005,WH 3,,1743.078506,3047.534211,909.1575424,909.1575424,0.044221324,1244729,36.23816281,38.19305505,39.36419915,-93.11992684,-78.46833666,-118.931462
"SUMNER, WA",47.203157,-122.240397,WH 3,,2685.352244,3662.399234,911.6460564,911.6460564,0.015956076,449127,36.23816281,38.19305505,39.36419915,-93.11992684,-78.46833666,-118.931462
"SUMNER, WA",47.203157,-122.240397,WH 3,,2685.352244,3662.399234,911.6460564,911.6460564,0.007649752,215323,36.23816281,38.19305505,39.36419915,-93.11992684,-78.46833666,-118.931462
"SUMNER, WA",47.203157,-122.240397,WH 3,,2685.352244,3662.399234,911.6460564,911.6460564,6.42E-05,1806,36.23816281,38.19305505,39.36419915,-93.11992684,-78.46833666,-118.931462
"SUMNER, WA",47.203157,-122.240397,WH 3,,2685.352244,3662.399234,911.6460564,911.6460564,0.020320836,571985,36.23816281,38.19305505,39.36419915,-93.11992684,-78.46833666,-118.931462
"SUMNER, WA",47.203157,-122.240397,WH 3,,2685.352244,3662.399234,911.6460564,911.6460564,0.000113153,3185,36.23816281,38.19305505,39.36419915,-93.11992684,-78.46833666,-118.931462
"CHANDLER, AZ",33.30616,-111.84125,WH 3,,1737.881667,3043.393671,925.1791495,925.1791495,7.24E-05,2037,36.23816281,38.19305505,39.36419915,-93.11992684,-78.46833666,-118.931462
"KENT, WA",47.380934,-122.234843,WH 3,,2690.590524,3661.895511,930.31344,930.31344,0.017289151,486650,36.23816281,38.19305505,39.36419915,-93.11992684,-78.46833666,-118.931462
"LIBERTY LAKE, WA",47.674343,-117.112424,WH 3,,2341.457635,3278.829383,935.5380533,935.5380533,0.007318109,205988,36.23816281,38.19305505,39.36419915,-93.11992684,-78.46833666,-118.931462
"SEATTLE, WA",47.60621,-122.332071,WH 3,,2704.881669,3669.214047,956.3963588,956.3963588,0.003323183,93540,36.23816281,38.19305505,39.36419915,-93.11992684,-78.46833666,-118.931462
"LANGLEY, BC",49.104178,-122.660352,WH 3,,2780.720648,3696.934435,1122.670897,1122.670897,0.035958769,1012157,36.23816281,38.19305505,39.36419915,-93.11992684,-78.46833666,-118.931462
"DELTA, BC",49.095215,-123.026476,WH 3,,2805.497505,3723.536739,1129.715442,1129.715442,0.012375643,348346,36.23816281,38.19305505,39.36419915,-93.11992684,-78.46833666,-118.931462
"DELTA, BC",49.095215,-123.026476,WH 3,,2805.497505,3723.536739,1129.715442,1129.715442,0.000533507,15017,36.23816281,38.19305505,39.36419915,-93.11992684,-78.46833666,-118.931462
"DELTA, BC",49.095215,-123.026476,WH 3,,2805.497505,3723.536739,1129.715442,1129.715442,1.24E-05,348,36.23816281,38.19305505,39.36419915,-93.11992684,-78.46833666,-118.931462
"RICHMOND, BC",49.16659,-123.133569,WH 3,,2815.480813,3731.590268,1139.705947,1139.705947,0.003293909,92716,36.23816281,38.19305505,39.36419915,-93.11992684,-78.46833666,-118.931462
"COQUITLAM, BC",49.228748,-122.845833,WH 3,,2798.107389,3710.949624,1139.853908,1139.853908,0.012253714,344914,36.23816281,38.19305505,39.36419915,-93.11992684,-78.46833666,-118.931462
"COQUITLAM, BC",49.283763,-122.793206,WH 3,,2796.603382,3707.380685,1144.578133,1144.578133,0.016209915,456272,36.23816281,38.19305505,39.36419915,-93.11992684,-78.46833666,-118.931462
"NOGALES, AZ",31.340378,-110.934253,WH 3,,1730.937264,3044.932733,1148.746494,1148.746494,0.03176976,894246,36.23816281,38.19305505,39.36419915,-93.11992684,-78.46833666,-118.931462
"CANADA, ,",49.287487,-123.119646,WH 3,,2819.016685,3731.055727,1152.13991,1152.13991,0.01038255,292245,36.23816281,38.19305505,39.36419915,-93.11992684,-78.46833666,-118.931462
"CANADA, ,",49.287487,-123.119646,WH 3,,2819.016685,3731.055727,1152.13991,1152.13991,0.001129293,31787,36.23816281,38.19305505,39.36419915,-93.11992684,-78.46833666,-118.931462
"CALGARY, AB",51.048615,-114.070846,WH 3,,2340.892847,3118.47648,1353.131632,1353.131632,0.001452658,40889,36.23816281,38.19305505,39.36419915,-93.11992684,-78.46833666,-118.931462
"CALGARY, AB",51.048615,-114.070846,WH 3,,2340.892847,3118.47648,1353.131632,1353.131632,0.001278044,35974,36.23816281,38.19305505,39.36419915,-93.11992684,-78.46833666,-118.931462
"ROCKY VIEW, AB",51.244192,-114.163185,WH 3,,2359.058172,3129.795985,1371.867776,1371.867776,0.007394491,208138,36.23816281,38.19305505,39.36419915,-93.11992684,-78.46833666,-118.931462
"AIRDRIE, AB",51.292943,-113.995486,WH 3,,2353.010083,3119.745095,1380.589732,1380.589732,0.007718674,217263,36.23816281,38.19305505,39.36419915,-93.11992684,-78.46833666,-118.931462
"EDMONTON, AB",53.570859,-113.522812,WH 3,,2490.81587,3159.385738,1631.925381,1631.925381,0.015304726,430793,36.23816281,38.19305505,39.36419915,-93.11992684,-78.46833666,-118.931462
"SASKATOON, SK",52.125104,-106.702543,WH 3,,2064.502176,2674.506212,1701.944319,1701.944319,0.006290387,177060,36.23816281,38.19305505,39.36419915,-93.11992684,-78.46833666,-118.931462
"HILO, HI",19.707094,-155.088487,WH 3,,6249.96219,7526.079899,4083.345824,4083.345824,3.84E-06,108,36.23816281,38.19305505,39.36419915,-93.11992684,-78.46833666,-118.931462
"HONOLULU, HI",21.306944,-157.858333,WH 3,,6407.465786,7664.788966,4196.383285,4196.383285,9.27E-06,261,36.23816281,38.19305505,39.36419915,-93.11992684,-78.46833666,-118.931462
"CHUO-KU TOYKO, JAPAN",35.668805,139.743326,WH 3,,10331.95666,10909.80603,8420.848634,8420.848634,0.009438814,265681,36.23816281,38.19305505,39.36419915,-93.11992684,-78.46833666,-118.931462
"463-828GYEONGGI-DO, ,",35.9078,127.7669,WH 3,,10948.74705,11344.87452,9213.812094,9213.812094,0.001947832,54827,36.23816281,38.19305505,39.36419915,-93.11992684,-78.46833666,-118.931462
"TAIPEI CITY, 114, TAIWAN, TAIWAN R.O.C.",25.06043,121.575214,WH 3,,12287.90106,12677.53395,10493.16054,10493.16054,0.010308654,290165,36.23816281,38.19305505,39.36419915,-93.11992684,-78.46833666,-118.931462
"FO TAN, SHATIN, ,",22.379076,114.187709,WH 3,,12893.41155,13151.34152,11209.69847,11209.69847,0.000783581,22056,36.23816281,38.19305505,39.36419915,-93.11992684,-78.46833666,-118.931462
"PATHUMTHANI, C",14.080357,100.613935,WH 3,,14236.92113,14201.76559,12796.88858,12796.88858,0.002414122,67952,36.23816281,38.19305505,39.36419915,-93.11992684,-78.46833666,-118.931462
"SINGAPORE, ,",1.305417,103.820611,WH 3,,15487.17754,15616.78593,13741.56357,13741.56357,0.003214045,90468,36.23816281,38.19305505,39.36419915,-93.11992684,-78.46833666,-118.931462
"SINGAPORE, SINGAPORE",1.305417,103.820611,WH 3,,15487.17754,15616.78593,13741.56357,13741.56357,0.010702896,301262,36.23816281,38.19305505,39.36419915,-93.11992684,-78.46833666,-118.931462
,36.23816281,-93.11992684,CNT,CNT,,,,,,,,,,,,
,38.19305505,-78.46833666,CNT,CNT,,,,,,,,,,,,
,39.36419915,-118.931462,CNT,CNT,,,,,,,,,,,,
